t,mox
[s],[g/s]
0,2.323539
0.005,2.404468
0.01,2.418543
0.015,2.443173
0.02,2.510027
0.025,2.47836
0.03,2.534658
0.035,2.583919
0.04,2.583919
0.045,2.640217
0.05,2.647254
0.055,2.643735
0.06,2.710589
0.065,2.73522
0.07,2.714108
0.075,2.717627
0.08,2.766887
0.085,2.784481
0.09,2.770406
0.095,2.795036
0.1,2.840779
0.105,2.847816
0.11,2.83726
0.115,2.847816
0.12,2.865409
0.125,2.900596
0.13,2.921708
0.135,2.886521
0.14,2.904114
0.145,2.935782
0.15,2.928745
0.155,2.935782
0.16,2.956894
0.165,2.985043
0.17,2.995599
0.175,2.963931
0.18,2.981524
0.185,2.999117
0.19,3.016711
0.195,2.99208
0.2,2.985043
0.205,2.999117
0.21,3.009674
0.215,3.020229
0.22,2.995599
0.225,3.013192
0.23,3.037823
0.235,3.051897
0.24,3.034304
0.245,3.030785
0.25,3.065972
0.255,3.076527
0.26,3.048378
0.265,3.06949
0.27,3.076527
0.275,3.055416
0.28,3.055416
0.285,3.087083
0.29,3.06949
0.295,3.058934
0.3,3.076527
0.305,3.083565
0.31,3.104676
0.315,3.12227
0.32,3.12227
0.325,3.087083
0.33,3.080046
0.335,3.087083
0.34,3.118751
0.345,3.104676
0.35,3.087083
0.355,3.094121
0.36,3.125789
0.365,3.104676
0.37,3.101158
0.375,3.115232
0.38,3.115232
0.385,3.143382
0.39,3.125789
0.395,3.136344
0.4,3.104676
0.405,3.125789
0.41,3.153938
0.415,3.153938
0.42,3.136344
0.425,3.132825
0.43,3.12227
0.435,3.118751
0.44,3.150419
0.445,3.139863
0.45,3.160975
0.455,3.125789
0.46,3.118751
0.465,3.139863
0.47,3.168012
0.475,3.118751
0.48,3.139863
0.485,3.150419
0.49,3.160975
0.495,3.132825
0.5,3.125789
0.505,3.153938
0.51,3.178568
0.515,3.171531
0.52,3.1469
0.525,3.1469
0.53,3.164493
0.535,3.164493
0.54,3.157456
0.545,3.129307
0.55,3.1469
0.555,3.160975
0.56,3.164493
0.565,3.160975
0.57,3.157456
0.575,3.1469
0.58,3.160975
0.585,3.168012
0.59,3.150419
0.595,3.150419
0.6,3.168012
0.605,3.182087
0.61,3.160975
0.615,3.160975
0.62,3.160975
0.625,3.171531
0.63,3.168012
0.635,3.157456
0.64,3.178568
0.645,3.160975
0.65,3.157456
0.655,3.153938
0.66,3.160975
0.665,3.185605
0.67,3.189124
0.675,3.1469
0.68,3.139863
0.685,3.178568
0.69,3.196161
0.695,3.189124
0.7,3.185605
0.705,3.160975
0.71,3.150419
0.715,3.143382
0.72,3.168012
0.725,3.168012
0.73,3.182087
0.735,3.19968
0.74,3.150419
0.745,3.171531
0.75,3.196161
0.755,3.178568
0.76,3.164493
0.765,3.160975
0.77,3.171531
0.775,3.196161
0.78,3.168012
0.785,3.171531
0.79,3.185605
0.795,3.164493
0.8,3.168012
0.805,3.182087
0.81,3.189124
0.815,3.185605
0.82,3.171531
0.825,3.196161
0.83,3.160975
0.835,3.171531
0.84,3.192642
0.845,3.164493
0.85,3.164493
0.855,3.196161
0.86,3.153938
0.865,3.175049
0.87,3.182087
0.875,3.182087
0.88,3.178568
0.885,3.189124
0.89,3.203198
0.895,3.185605
0.9,3.160975
0.905,3.192642
0.91,3.189124
0.915,3.150419
0.92,3.171531
0.925,3.19968
0.93,3.168012
0.935,3.168012
0.94,3.196161
0.945,3.19968
0.95,3.164493
0.955,3.153938
0.96,3.157456
0.965,3.175049
0.97,3.196161
0.975,3.178568
0.98,3.150419
0.985,3.175049
0.99,3.178568
0.995,3.196161
1,3.160975
1.005,3.157456
1.01,3.175049
1.015,3.189124
1.02,3.189124
1.025,3.189124
1.03,3.168012
1.035,3.175049
1.04,3.182087
1.045,3.192642
1.05,3.175049
1.055,3.153938
1.06,3.189124
1.065,3.203198
1.07,3.168012
1.075,3.160975
1.08,3.171531
1.085,3.189124
1.09,3.175049
1.095,3.164493
1.1,3.160975
1.105,3.185605
1.11,3.196161
1.115,3.210236
1.12,3.182087
1.125,3.168012
1.13,3.168012
1.135,3.171531
1.14,3.189124
1.145,3.189124
1.15,3.178568
1.155,3.153938
1.16,3.175049
1.165,3.189124
1.17,3.196161
1.175,3.189124
1.18,3.178568
1.185,3.164493
1.19,3.185605
1.195,3.189124
1.2,3.171531
1.205,3.153938
1.21,3.157456
1.215,3.185605
1.22,3.196161
1.225,3.203198
1.23,3.185605
1.235,3.175049
1.24,3.171531
1.245,3.171531
1.25,3.192642
1.255,3.196161
1.26,3.175049
1.265,3.164493
1.27,3.171531
1.275,3.192642
1.28,3.192642
1.285,3.196161
1.29,3.168012
1.295,3.182087
1.3,3.168012
1.305,3.178568
1.31,3.189124
1.315,3.185605
1.32,3.182087
1.325,3.168012
1.33,3.160975
1.335,3.189124
1.34,3.203198
1.345,3.182087
1.35,3.160975
1.355,3.185605
1.36,3.171531
1.365,3.203198
1.37,3.178568
1.375,3.168012
1.38,3.185605
1.385,3.189124
1.39,3.192642
1.395,3.168012
1.4,3.178568
1.405,3.189124
1.41,3.196161
1.415,3.178568
1.42,3.168012
1.425,3.160975
1.43,3.189124
1.435,3.213755
1.44,3.189124
1.445,3.189124
1.45,3.185605
1.455,3.19968
1.46,3.189124
1.465,3.175049
1.47,3.164493
1.475,3.189124
1.48,3.196161
1.485,3.189124
1.49,3.178568
1.495,3.182087
1.5,3.196161
1.505,3.189124
1.51,3.160975
1.515,3.164493
1.52,3.189124
1.525,3.203198
1.53,3.182087
1.535,3.157456
1.54,3.178568
1.545,3.175049
1.55,3.185605
1.555,3.189124
1.56,3.175049
1.565,3.168012
1.57,3.178568
1.575,3.185605
1.58,3.189124
1.585,3.189124
1.59,3.185605
1.595,3.175049
1.6,3.160975
1.605,3.19968
1.61,3.196161
1.615,3.168012
1.62,3.171531
1.625,3.143382
1.63,3.19968
1.635,3.185605
1.64,3.19968
1.645,3.189124
1.65,3.171531
1.655,3.160975
1.66,3.178568
1.665,3.182087
1.67,3.196161
1.675,3.185605
1.68,3.175049
1.685,3.203198
1.69,3.192642
1.695,3.178568
1.7,3.189124
1.705,3.182087
1.71,3.185605
1.715,3.189124
1.72,3.153938
1.725,3.182087
1.73,3.19968
1.735,3.185605
1.74,3.153938
1.745,3.168012
1.75,3.217273
1.755,3.175049
1.76,3.178568
1.765,3.189124
1.77,3.185605
1.775,3.175049
1.78,3.182087
1.785,3.19968
1.79,3.185605
1.795,3.192642
1.8,3.178568
1.805,3.160975
1.81,3.175049
1.815,3.185605
1.82,3.182087
1.825,3.19968
1.83,3.143382
1.835,3.189124
1.84,3.185605
1.845,3.160975
1.85,3.185605
1.855,3.168012
1.86,3.171531
1.865,3.196161
1.87,3.150419
1.875,3.196161
1.88,3.175049
1.885,3.160975
1.89,3.210236
1.895,3.168012
1.9,3.168012
1.905,3.185605
1.91,3.157456
1.915,3.168012
1.92,3.175049
1.925,3.160975
1.93,3.189124
1.935,3.157456
1.94,3.182087
1.945,3.189124
1.95,3.160975
1.955,3.150419
1.96,3.189124
1.965,3.178568
1.97,3.164493
1.975,3.168012
1.98,3.185605
1.985,3.178568
1.99,3.150419
1.995,3.168012
2,3.196161
2.005,3.178568
2.01,3.160975
2.015,3.192642
2.02,3.185605
2.025,3.143382
2.03,3.171531
2.035,3.189124
2.04,3.139863
2.045,3.178568
2.05,3.196161
2.055,3.153938
2.06,3.182087
2.065,3.178568
2.07,3.157456
2.075,3.178568
2.08,3.182087
2.085,3.160975
2.09,3.175049
2.095,3.210236
2.1,3.178568
2.105,3.150419
2.11,3.178568
2.115,3.192642
2.12,3.182087
2.125,3.143382
2.13,3.157456
2.135,3.178568
2.14,3.196161
2.145,3.196161
2.15,3.150419
2.155,3.178568
2.16,3.196161
2.165,3.168012
2.17,3.153938
2.175,3.189124
2.18,3.175049
2.185,3.168012
2.19,3.171531
2.195,3.192642
2.2,3.192642
2.205,3.160975
2.21,3.178568
2.215,3.171531
2.22,3.168012
2.225,3.157456
2.23,3.171531
2.235,3.182087
2.24,3.185605
2.245,3.160975
2.25,3.175049
2.255,3.182087
2.26,3.175049
2.265,3.139863
2.27,3.175049
2.275,3.189124
2.28,3.175049
2.285,3.178568
2.29,3.139863
2.295,3.175049
2.3,3.196161
2.305,3.143382
2.31,3.178568
2.315,3.192642
2.32,3.171531
2.325,3.178568
2.33,3.210236
2.335,3.164493
2.34,3.175049
2.345,3.185605
2.35,3.171531
2.355,3.153938
2.36,3.178568
2.365,3.182087
2.37,3.160975
2.375,3.171531
2.38,3.192642
2.385,3.203198
2.39,3.171531
2.395,3.150419
2.4,3.157456
2.405,3.171531
2.41,3.189124
2.415,3.192642
2.42,3.185605
2.425,3.160975
2.43,3.175049
2.435,3.189124
2.44,3.178568
2.445,3.192642
2.45,3.189124
2.455,3.175049
2.46,3.160975
2.465,3.1469
2.47,3.168012
2.475,3.178568
2.48,3.178568
2.485,3.182087
2.49,3.192642
2.495,3.185605
2.5,3.175049
2.505,3.178568
2.51,3.185605
2.515,3.196161
2.52,3.196161
2.525,3.189124
2.53,3.153938
2.535,3.168012
2.54,3.164493
2.545,3.175049
2.55,3.185605
2.555,3.175049
2.56,3.153938
2.565,3.168012
2.57,3.196161
2.575,3.192642
2.58,3.153938
2.585,3.175049
2.59,3.178568
2.595,3.189124
2.6,3.189124
2.605,3.160975
2.61,3.150419
2.615,3.178568
2.62,3.192642
2.625,3.203198
2.63,3.164493
2.635,3.175049
2.64,3.192642
2.645,3.182087
2.65,3.1469
2.655,3.160975
2.66,3.196161
2.665,3.196161
2.67,3.178568
2.675,3.153938
2.68,3.171531
2.685,3.189124
2.69,3.182087
2.695,3.164493
2.7,3.160975
2.705,3.171531
2.71,3.189124
2.715,3.175049
2.72,3.139863
2.725,3.178568
2.73,3.164493
2.735,3.175049
2.74,3.171531
2.745,3.175049
2.75,3.178568
2.755,3.175049
2.76,3.153938
2.765,3.153938
2.77,3.157456
2.775,3.185605
2.78,3.150419
2.785,3.182087
2.79,3.182087
2.795,3.1469
2.8,3.175049
2.805,3.182087
2.81,3.168012
2.815,3.175049
2.82,3.178568
2.825,3.153938
2.83,3.19968
2.835,3.164493
2.84,3.153938
2.845,3.175049
2.85,3.189124
2.855,3.150419
2.86,3.178568
2.865,3.189124
2.87,3.178568
2.875,3.192642
2.88,3.203198
2.885,3.153938
2.89,3.171531
2.895,3.178568
2.9,3.157456
2.905,3.1469
2.91,3.196161
2.915,3.164493
2.92,3.182087
2.925,3.196161
2.93,3.178568
2.935,3.153938
2.94,3.185605
2.945,3.182087
2.95,3.153938
2.955,3.182087
2.96,3.189124
2.965,3.182087
2.97,3.160975
2.975,3.178568
2.98,3.192642
2.985,3.182087
2.99,3.157456
2.995,3.168012
3,3.178568
3.005,3.192642
3.01,3.189124
3.015,3.164493
3.02,3.157456
3.025,3.182087
3.03,3.185605
3.035,3.1469
3.04,3.175049
3.045,3.189124
3.05,3.1469
3.055,3.185605
3.06,3.189124
3.065,3.160975
3.07,3.182087
3.075,3.185605
3.08,3.143382
3.085,3.168012
3.09,3.189124
3.095,3.1469
3.1,3.206717
3.105,3.178568
3.11,3.182087
3.115,3.192642
3.12,3.189124
3.125,3.160975
3.13,3.164493
3.135,3.168012
3.14,3.171531
3.145,3.153938
3.15,3.185605
3.155,3.185605
3.16,3.157456
3.165,3.189124
3.17,3.182087
3.175,3.164493
3.18,3.153938
3.185,3.189124
3.19,3.164493
3.195,3.171531
3.2,3.196161
3.205,3.175049
3.21,3.160975
3.215,3.189124
3.22,3.175049
3.225,3.164493
3.23,3.192642
3.235,3.178568
3.24,3.150419
3.245,3.185605
3.25,3.182087
3.255,3.157456
3.26,3.189124
3.265,3.178568
3.27,3.143382
3.275,3.185605
3.28,3.175049
3.285,3.157456
3.29,3.178568
3.295,3.185605
3.3,3.175049
3.305,3.182087
3.31,3.171531
3.315,3.157456
3.32,3.185605
3.325,3.157456
3.33,3.182087
3.335,3.196161
3.34,3.160975
3.345,3.182087
3.35,3.182087
3.355,3.168012
3.36,3.157456
3.365,3.171531
3.37,3.168012
3.375,3.157456
3.38,3.178568
3.385,3.182087
3.39,3.160975
3.395,3.164493
3.4,3.189124
3.405,3.168012
3.41,3.168012
3.415,3.189124
3.42,3.182087
3.425,3.185605
3.43,3.150419
3.435,3.192642
3.44,3.175049
3.445,3.171531
3.45,3.160975
3.455,3.185605
3.46,3.192642
3.465,3.153938
3.47,3.185605
3.475,3.192642
3.48,3.153938
3.485,3.178568
3.49,3.185605
3.495,3.168012
3.5,3.168012
3.505,3.178568
3.51,3.153938
3.515,3.157456
3.52,3.189124
3.525,3.185605
3.53,3.160975
3.535,3.164493
3.54,3.178568
3.545,3.185605
3.55,3.182087
3.555,3.164493
3.56,3.157456
3.565,3.192642
3.57,3.189124
3.575,3.175049
3.58,3.164493
3.585,3.185605
3.59,3.164493
3.595,3.164493
3.6,3.185605
3.605,3.175049
3.61,3.164493
3.615,3.192642
3.62,3.175049
3.625,3.143382
3.63,3.171531
3.635,3.153938
3.64,3.178568
3.645,3.185605
3.65,3.171531
3.655,3.171531
3.66,3.19968
3.665,3.153938
3.67,3.182087
3.675,3.178568
3.68,3.164493
3.685,3.19968
3.69,3.206717
3.695,3.157456
3.7,3.182087
3.705,3.182087
3.71,3.185605
3.715,3.178568
3.72,3.175049
3.725,3.171531
3.73,3.168012
3.735,3.160975
3.74,3.185605
3.745,3.19968
3.75,3.153938
3.755,3.192642
3.76,3.192642
3.765,3.157456
3.77,3.175049
3.775,3.175049
3.78,3.153938
3.785,3.192642
3.79,3.168012
3.795,3.168012
3.8,3.182087
3.805,3.168012
3.81,3.182087
3.815,3.189124
3.82,3.175049
3.825,3.213755
3.83,3.157456
3.835,3.168012
3.84,3.175049
3.845,3.160975
3.85,3.189124
3.855,3.1469
3.86,3.160975
3.865,3.182087
3.87,3.143382
3.875,3.175049
3.88,3.185605
3.885,3.182087
3.89,3.164493
3.895,3.182087
3.9,3.189124
3.905,3.164493
3.91,3.164493
3.915,3.178568
3.92,3.168012
3.925,3.153938
3.93,3.189124
3.935,3.178568
3.94,3.164493
3.945,3.178568
3.95,3.192642
3.955,3.182087
3.96,3.164493
3.965,3.206717
3.97,3.182087
3.975,3.150419
3.98,3.171531
3.985,3.185605
3.99,3.175049
3.995,3.185605
4,3.192642
4.005,3.171531
4.01,3.168012
4.015,3.168012
4.02,3.171531
4.025,3.189124
4.03,3.157456
4.035,3.178568
4.04,3.175049
4.045,3.175049
4.05,3.189124
4.055,3.175049
4.06,3.192642
4.065,3.153938
4.07,3.178568
4.075,3.171531
4.08,3.164493
4.085,3.182087
4.09,3.189124
4.095,3.150419
4.1,3.182087
4.105,3.168012
4.11,3.164493
4.115,3.19968
4.12,3.160975
4.125,3.171531
4.13,3.175049
4.135,3.164493
4.14,3.19968
4.145,3.168012
4.15,3.160975
4.155,3.189124
4.16,3.1469
4.165,3.171531
4.17,3.189124
4.175,3.160975
4.18,3.189124
4.185,3.192642
4.19,3.160975
4.195,3.175049
4.2,3.182087
4.205,3.175049
4.21,3.178568
4.215,3.185605
4.22,3.143382
4.225,3.175049
4.23,3.171531
4.235,3.160975
4.24,3.182087
4.245,3.189124
4.25,3.168012
4.255,3.153938
4.26,3.178568
4.265,3.189124
4.27,3.168012
4.275,3.160975
4.28,3.175049
4.285,3.178568
4.29,3.192642
4.295,3.178568
4.3,3.168012
4.305,3.185605
4.31,3.19968
4.315,3.189124
4.32,3.150419
4.325,3.171531
4.33,3.192642
4.335,3.164493
4.34,3.1469
4.345,3.192642
4.35,3.175049
4.355,3.1469
4.36,3.164493
4.365,3.189124
4.37,3.175049
4.375,3.157456
4.38,3.189124
4.385,3.189124
4.39,3.164493
4.395,3.175049
4.4,3.192642
4.405,3.150419
4.41,3.160975
4.415,3.171531
4.42,3.178568
4.425,3.164493
4.43,3.175049
4.435,3.164493
4.44,3.182087
4.445,3.171531
4.45,3.160975
4.455,3.168012
4.46,3.182087
4.465,3.206717
4.47,3.182087
4.475,3.143382
4.48,3.157456
4.485,3.178568
4.49,3.192642
4.495,3.192642
4.5,3.178568
4.505,3.143382
4.51,3.168012
4.515,3.189124
4.52,3.189124
4.525,3.192642
4.53,3.164493
4.535,3.160975
4.54,3.189124
4.545,3.189124
4.55,3.185605
4.555,3.189124
4.56,3.196161
4.565,3.182087
4.57,3.168012
4.575,3.175049
4.58,3.153938
4.585,3.168012
4.59,3.203198
4.595,3.185605
4.6,3.175049
4.605,3.168012
4.61,3.168012
4.615,3.168012
4.62,3.178568
4.625,3.196161
4.63,3.160975
4.635,3.150419
4.64,3.189124
4.645,3.189124
4.65,3.168012
4.655,3.157456
4.66,3.182087
4.665,3.196161
4.67,3.171531
4.675,3.143382
4.68,3.164493
4.685,3.182087
4.69,3.168012
4.695,3.164493
4.7,3.189124
4.705,3.171531
4.71,3.143382
4.715,3.319313
4.72,3.407279
4.725,3.565618
4.73,3.759143
4.735,3.889332
4.74,4.012484
4.745,4.167305
4.75,4.286938
4.755,4.403053
4.76,4.501575
4.765,4.621209
4.77,4.761954
4.775,4.79714
4.78,4.906218
4.785,5.032889
4.79,5.120855
4.795,5.194746
4.8,5.244007
4.805,5.353083
4.81,5.41994
4.815,5.469197
4.82,5.536054
4.825,5.564205
4.83,5.676797
4.835,5.715506
4.84,5.750688
4.845,5.803469
4.85,5.842173
4.855,5.937176
4.86,5.951252
4.865,6.011068
4.87,6.00755
4.875,6.056813
4.88,6.130705
4.885,6.148298
4.89,6.204596
4.895,6.179962
4.9,6.250336
4.905,6.285523
4.91,6.345339
4.915,6.352375
4.92,6.331263
4.925,6.369968
4.93,6.412195
4.935,6.482564
4.94,6.433307
4.945,6.447382
4.95,6.514234
4.955,6.510716
4.96,6.552938
4.965,6.538863
4.97,6.598683
4.975,6.563496
4.98,6.605719
4.985,6.654981
4.99,6.612754
4.995,6.644423
5,6.658499
5.005,6.728873
5.01,6.676093
5.015,6.67961
5.02,6.760538
5.025,6.735909
5.03,6.732391
5.035,6.735909
5.04,6.781649
5.045,6.764055
5.05,6.760538
5.055,6.834429
5.06,6.799242
5.065,6.792207
5.07,6.8098
5.075,6.830911
5.08,6.816836
5.085,6.792207
5.09,6.837947
5.095,6.834429
5.1,6.873134
5.105,6.852023
5.11,6.823876
5.115,6.876652
5.12,6.897768
5.125,6.911839
5.13,6.866098
5.135,6.890727
5.14,6.936472
5.145,6.876652
5.15,6.904803
5.155,6.901285
5.16,6.922397
5.165,6.925914
5.17,6.894245
5.175,6.954066
5.18,6.908321
5.185,6.925914
5.19,6.93999
5.195,6.943508
5.2,6.968137
5.205,6.93999
5.21,6.957584
5.215,6.975177
5.22,6.93295
5.225,6.989248
5.23,6.961101
5.235,6.964619
5.24,6.947026
5.245,6.99277
5.25,6.99277
5.255,6.943508
5.26,6.968137
5.265,6.975177
5.27,7.010364
5.275,6.989248
5.28,6.954066
5.285,7.006841
5.29,7.003324
5.295,7.003324
5.3,6.971659
5.305,6.961101
5.31,7.010364
5.315,6.99277
5.32,7.003324
5.325,6.989248
5.33,6.996288
5.335,7.024435
5.34,6.996288
5.345,7.013882
5.35,6.98573
5.355,7.049069
5.36,7.020917
5.365,7.003324
5.37,7.027953
5.375,6.996288
5.38,7.010364
5.385,7.003324
5.39,7.031475
5.395,7.038511
5.4,7.013882
5.405,7.013882
5.41,6.971659
5.415,7.049069
5.42,7.049069
5.425,6.98573
5.43,7.017399
5.435,7.013882
5.44,7.059622
5.445,7.010364
5.45,7.010364
5.455,7.052586
5.46,7.017399
5.465,7.034993
5.47,6.996288
5.475,6.996288
5.48,7.052586
5.485,7.059622
5.49,7.066662
5.495,7.017399
5.5,7.031475
5.505,7.045546
5.51,7.045546
5.515,7.031475
5.52,7.010364
5.525,7.059622
5.53,7.049069
5.535,7.038511
5.54,7.027953
5.545,7.013882
5.55,7.031475
5.555,7.038511
5.56,7.080733
5.565,7.052586
5.57,7.042028
5.575,7.052586
5.58,7.024435
5.585,7.077215
5.59,7.042028
5.595,7.013882
5.6,7.087773
5.605,7.027953
5.61,7.042028
5.615,7.042028
5.62,7.049069
5.625,7.031475
5.63,7.034993
5.635,7.056104
5.64,7.024435
5.645,7.034993
5.65,7.080733
5.655,7.045546
5.66,7.07018
5.665,7.042028
5.67,7.042028
5.675,7.052586
5.68,7.042028
5.685,7.066662
5.69,7.017399
5.695,7.052586
5.7,7.06314
5.705,7.038511
5.71,7.056104
5.715,7.031475
5.72,7.087773
5.725,7.052586
5.73,7.052586
5.735,7.034993
5.74,7.042028
5.745,7.066662
5.75,7.034993
5.755,7.034993
5.76,7.07018
5.765,7.056104
5.77,7.07018
5.775,7.042028
5.78,7.056104
5.785,7.077215
5.79,7.042028
5.795,7.066662
5.8,7.042028
5.805,7.056104
5.81,7.045546
5.815,7.059622
5.82,7.06314
5.825,7.034993
5.83,7.045546
5.835,7.07018
5.84,7.027953
5.845,7.059622
5.85,7.052586
5.855,7.091291
5.86,7.059622
5.865,7.024435
5.87,7.07018
5.875,7.059622
5.88,7.066662
5.885,7.038511
5.89,7.020917
5.895,7.059622
5.9,7.080733
5.905,7.066662
5.91,7.031475
5.915,7.052586
5.92,7.091291
5.925,7.042028
5.93,7.049069
5.935,7.045546
5.94,7.066662
5.945,7.07018
5.95,7.042028
5.955,7.052586
5.96,7.073698
5.965,7.042028
5.97,7.038511
5.975,7.059622
5.98,7.101844
5.985,7.059622
5.99,7.031475
5.995,7.073698
6,7.049069
6.005,7.042028
6.01,7.084256
6.015,7.056104
6.02,7.038511
6.025,7.049069
6.03,7.101844
6.035,7.049069
6.04,7.020917
6.045,7.080733
6.05,7.024435
6.055,7.06314
6.06,7.066662
6.065,7.017399
6.07,7.066662
6.075,7.073698
6.08,7.059622
6.085,7.073698
6.09,7.024435
6.095,7.059622
6.1,7.07018
6.105,7.098327
6.11,7.066662
6.115,7.017399
6.12,7.038511
6.125,7.024435
6.13,7.073698
6.135,7.059622
6.14,7.038511
6.145,7.049069
6.15,7.013882
6.155,7.059622
6.16,7.042028
6.165,7.052586
6.17,7.052586
6.175,7.066662
6.18,7.080733
6.185,7.042028
6.19,7.010364
6.195,7.07018
6.2,7.042028
6.205,7.080733
6.21,7.034993
6.215,7.013882
6.22,7.056104
6.225,7.049069
6.23,7.084256
6.235,7.07018
6.24,7.031475
6.245,7.031475
6.25,7.045546
6.255,7.101844
6.26,7.07018
6.265,7.052586
6.27,7.06314
6.275,7.013882
6.28,7.06314
6.285,7.038511
6.29,7.038511
6.295,7.077215
6.3,7.052586
6.305,7.059622
6.31,7.042028
6.315,7.024435
6.32,7.066662
6.325,7.031475
6.33,7.049069
6.335,7.091291
6.34,7.034993
6.345,7.045546
6.35,7.052586
6.355,7.094809
6.36,7.017399
6.365,7.034993
6.37,7.091291
6.375,7.052586
6.38,7.049069
6.385,7.066662
6.39,7.034993
6.395,7.056104
6.4,7.027953
6.405,7.098327
6.41,7.073698
6.415,7.017399
6.42,7.056104
6.425,7.056104
6.43,7.038511
6.435,7.084256
6.44,7.052586
6.445,7.049069
6.45,7.038511
6.455,7.052586
6.46,7.06314
6.465,7.052586
6.47,7.049069
6.475,7.038511
6.48,7.073698
6.485,7.066662
6.49,7.042028
6.495,7.07018
6.5,7.042028
6.505,7.024435
6.51,7.077215
6.515,7.024435
6.52,7.038511
6.525,7.049069
6.53,7.066662
6.535,7.059622
6.54,7.013882
6.545,7.059622
6.55,7.066662
6.555,7.045546
6.56,7.073698
6.565,7.038511
6.57,7.013882
6.575,7.027953
6.58,7.077215
6.585,7.101844
6.59,7.049069
6.595,7.056104
6.6,7.052586
6.605,7.038511
6.61,7.056104
6.615,7.056104
6.62,7.06314
6.625,7.038511
6.63,7.052586
6.635,7.091291
6.64,7.038511
6.645,7.042028
6.65,7.045546
6.655,7.049069
6.66,7.056104
6.665,7.027953
6.67,7.042028
6.675,7.066662
6.68,7.034993
6.685,7.073698
6.69,7.034993
6.695,7.027953
6.7,7.031475
6.705,7.049069
6.71,7.087773
6.715,7.010364
6.72,7.056104
6.725,7.045546
6.73,7.027953
6.735,7.056104
6.74,7.059622
6.745,7.049069
6.75,7.042028
6.755,7.056104
6.76,7.06314
6.765,7.066662
6.77,7.013882
6.775,7.052586
6.78,7.056104
6.785,7.073698
6.79,7.042028
6.795,7.034993
6.8,7.07018
6.805,7.052586
6.81,7.066662
6.815,7.080733
6.82,7.038511
6.825,7.06314
6.83,7.027953
6.835,7.07018
6.84,7.084256
6.845,7.034993
6.85,7.034993
6.855,7.042028
6.86,7.045546
6.865,7.056104
6.87,7.010364
6.875,7.066662
6.88,7.038511
6.885,7.059622
6.89,7.052586
6.895,7.013882
6.9,7.07018
6.905,7.027953
6.91,7.042028
6.915,7.087773
6.92,7.038511
6.925,7.027953
6.93,7.045546
6.935,7.052586
6.94,7.059622
6.945,7.031475
6.95,7.038511
6.955,7.038511
6.96,7.042028
6.965,7.073698
6.97,7.038511
6.975,7.024435
6.98,7.020917
6.985,7.052586
6.99,7.042028
6.995,7.031475
7,7.049069
7.005,7.038511
7.01,6.996288
7.015,7.080733
7.02,7.020917
7.025,7.031475
7.03,7.049069
7.035,7.027953
7.04,7.080733
7.045,7.038511
7.05,7.006841
7.055,7.052586
7.06,7.024435
7.065,7.042028
7.07,7.042028
7.075,7.052586
7.08,7.027953
7.085,7.049069
7.09,7.087773
7.095,7.049069
7.1,7.024435
7.105,7.084256
7.11,7.042028
7.115,7.038511
7.12,7.024435
7.125,7.038511
7.13,7.080733
7.135,7.049069
7.14,7.024435
7.145,7.017399
7.15,7.038511
7.155,7.077215
7.16,7.027953
7.165,7.031475
7.17,7.059622
7.175,7.024435
7.18,7.034993
7.185,7.031475
7.19,7.06314
7.195,7.042028
7.2,7.006841
7.205,7.066662
7.21,7.056104
7.215,7.034993
7.22,7.066662
7.225,7.006841
7.23,7.027953
7.235,7.080733
7.24,7.042028
7.245,7.080733
7.25,7.006841
7.255,7.052586
7.26,7.07018
7.265,7.017399
7.27,7.052586
7.275,7.020917
7.28,7.020917
7.285,7.038511
7.29,7.017399
7.295,7.077215
7.3,7.027953
7.305,7.020917
7.31,7.06314
7.315,7.006841
7.32,7.049069
7.325,7.045546
7.33,7.013882
7.335,7.045546
7.34,7.024435
7.345,7.045546
7.35,7.045546
7.355,7.038511
7.36,7.034993
7.365,7.017399
7.37,7.077215
7.375,7.038511
7.38,7.006841
7.385,7.07018
7.39,7.027953
7.395,7.031475
7.4,7.049069
7.405,7.034993
7.41,7.042028
7.415,7.034993
7.42,7.056104
7.425,7.056104
7.43,7.006841
7.435,7.049069
7.44,7.024435
7.445,7.010364
7.45,7.087773
7.455,7.003324
7.46,7.045546
7.465,7.077215
7.47,7.027953
7.475,7.080733
7.48,7.027953
7.485,6.999806
7.49,7.038511
7.495,7.049069
7.5,7.056104
7.505,7.017399
7.51,7.038511
7.515,7.042028
7.52,7.038511
7.525,7.077215
7.53,7.017399
7.535,7.034993
7.54,7.080733
7.545,7.042028
7.55,7.066662
7.555,7.038511
7.56,7.045546
7.565,7.052586
7.57,7.010364
7.575,7.059622
7.58,7.045546
7.585,7.013882
7.59,7.06314
7.595,7.049069
7.6,7.045546
7.605,7.049069
7.61,7.031475
7.615,7.045546
7.62,7.013882
7.625,7.049069
7.63,7.059622
7.635,7.020917
7.64,7.049069
7.645,7.003324
7.65,7.024435
7.655,7.045546
7.66,6.996288
7.665,7.049069
7.67,7.031475
7.675,7.013882
7.68,7.084256
7.685,7.017399
7.69,7.038511
7.695,7.031475
7.7,6.996288
7.705,7.073698
7.71,6.999806
7.715,7.027953
7.72,7.027953
7.725,7.042028
7.73,7.045546
7.735,7.027953
7.74,7.034993
7.745,7.034993
7.75,7.042028
7.755,7.073698
7.76,7.020917
7.765,7.013882
7.77,7.073698
7.775,7.027953
7.78,7.024435
7.785,7.031475
7.79,7.017399
7.795,7.027953
7.8,7.017399
7.805,7.077215
7.81,7.034993
7.815,7.024435
7.82,7.038511
7.825,7.027953
7.83,7.024435
7.835,7.049069
7.84,7.034993
7.845,7.017399
7.85,7.027953
7.855,7.024435
7.86,7.094809
7.865,7.017399
7.87,7.027953
7.875,7.045546
7.88,7.042028
7.885,7.034993
7.89,7.034993
7.895,7.031475
7.9,7.031475
7.905,7.003324
7.91,7.06314
7.915,7.049069
7.92,7.017399
7.925,7.052586
7.93,7.003324
7.935,7.042028
7.94,7.073698
7.945,7.003324
7.95,7.049069
7.955,7.034993
7.96,7.024435
7.965,7.066662
7.97,7.010364
7.975,7.042028
7.98,7.024435
7.985,7.034993
7.99,7.077215
7.995,7.003324
8,7.027953
8.005,7.052586
8.01,7.006841
8.015,7.031475
8.02,7.038511
8.025,7.006841
8.03,7.020917
8.035,7.052586
8.04,7.049069
8.045,7.042028
8.05,7.049069
8.055,6.999806
8.06,7.027953
8.065,7.045546
8.07,7.059622
8.075,7.031475
8.08,7.010364
8.085,7.038511
8.09,7.027953
8.095,7.084256
8.1,7.020917
8.105,7.017399
8.11,7.031475
8.115,7.024435
8.12,7.031475
8.125,7.024435
8.13,7.024435
8.135,7.017399
8.14,6.996288
8.145,7.038511
8.15,7.052586
8.155,6.999806
8.16,7.020917
8.165,7.024435
8.17,7.06314
8.175,7.031475
8.18,7.003324
8.185,7.017399
8.19,7.034993
8.195,7.034993
8.2,7.031475
8.205,7.020917
8.21,7.049069
8.215,7.027953
8.22,7.010364
8.225,7.052586
8.23,7.031475
8.235,7.010364
8.24,7.045546
8.245,7.049069
8.25,7.042028
8.255,7.020917
8.26,7.031475
8.265,7.020917
8.27,7.003324
8.275,7.059622
8.28,7.034993
8.285,7.042028
8.29,7.034993
8.295,7.013882
8.3,7.045546
8.305,7.031475
8.31,7.013882
8.315,7.056104
8.32,7.038511
8.325,7.020917
8.33,7.07018
8.335,7.013882
8.34,6.996288
8.345,7.034993
8.35,7.024435
8.355,7.045546
8.36,6.999806
8.365,7.017399
8.37,7.042028
8.375,7.006841
8.38,7.06314
8.385,7.024435
8.39,7.010364
8.395,7.052586
8.4,7.027953
8.405,7.034993
8.41,7.052586
8.415,7.010364
8.42,7.017399
8.425,7.027953
8.43,7.045546
8.435,7.052586
8.44,6.99277
8.445,7.034993
8.45,7.034993
8.455,7.006841
8.46,7.056104
8.465,7.038511
8.47,7.013882
8.475,7.020917
8.48,7.031475
8.485,7.059622
8.49,7.013882
8.495,7.017399
8.5,7.034993
8.505,7.020917
8.51,7.056104
8.515,7.013882
8.52,7.003324
8.525,7.038511
8.53,7.010364
8.535,7.024435
8.54,7.045546
8.545,7.034993
8.55,7.031475
8.555,7.003324
8.56,7.052586
8.565,7.045546
8.57,7.020917
8.575,7.059622
8.58,7.031475
8.585,7.006841
8.59,7.049069
8.595,7.013882
8.6,6.996288
8.605,7.013882
8.61,7.013882
8.615,7.059622
8.62,7.038511
8.625,6.999806
8.63,7.010364
8.635,7.024435
8.64,7.042028
8.645,7.045546
8.65,6.982212
8.655,7.027953
8.66,7.006841
8.665,7.042028
8.67,7.020917
8.675,6.99277
8.68,7.045546
8.685,7.038511
8.69,6.999806
8.695,7.052586
8.7,7.020917
8.705,7.024435
8.71,7.024435
8.715,7.010364
8.72,7.073698
8.725,7.013882
8.73,7.010364
8.735,7.034993
8.74,7.034993
8.745,7.038511
8.75,6.989248
8.755,7.013882
8.76,7.049069
8.765,7.006841
8.77,7.017399
8.775,7.020917
8.78,6.999806
8.785,7.031475
8.79,7.052586
8.795,7.045546
8.8,7.031475
8.805,7.010364
8.81,7.013882
8.815,7.056104
8.82,7.045546
8.825,7.045546
8.83,6.999806
8.835,7.003324
8.84,7.013882
8.845,7.006841
8.85,7.042028
8.855,7.038511
8.86,7.013882
8.865,7.006841
8.87,6.996288
8.875,7.052586
8.88,7.056104
8.885,7.006841
8.89,7.027953
8.895,6.996288
8.9,7.034993
8.905,7.049069
8.91,7.034993
8.915,7.045546
8.92,7.024435
8.925,7.027953
8.93,7.06314
8.935,7.024435
8.94,7.006841
8.945,7.038511
8.95,7.017399
8.955,7.045546
8.96,7.010364
8.965,6.989248
8.97,7.056104
8.975,7.027953
8.98,7.045546
8.985,7.010364
8.99,6.989248
8.995,7.027953
9,7.034993
9.005,7.042028
9.01,7.031475
9.015,7.013882
9.02,7.017399
9.025,7.003324
9.03,7.031475
9.035,7.034993
9.04,7.013882
9.045,7.010364
9.05,7.006841
9.055,7.034993
9.06,7.052586
9.065,6.99277
9.07,6.996288
9.075,7.013882
9.08,7.017399
9.085,7.066662
9.09,7.020917
9.095,7.006841
9.1,6.999806
9.105,6.98573
9.11,7.031475
9.115,7.042028
9.12,7.010364
9.125,7.049069
9.13,7.013882
9.135,7.034993
9.14,7.017399
9.145,6.98573
9.15,7.042028
9.155,7.027953
9.16,7.034993
9.165,7.027953
9.17,7.003324
9.175,7.024435
9.18,7.038511
9.185,7.010364
9.19,7.003324
9.195,7.024435
9.2,7.024435
9.205,7.017399
9.21,7.027953
9.215,7.056104
9.22,7.024435
9.225,6.99277
9.23,7.017399
9.235,7.038511
9.24,7.013882
9.245,7.010364
9.25,7.027953
9.255,7.024435
9.26,7.006841
9.265,7.056104
9.27,7.010364
9.275,7.031475
9.28,7.038511
9.285,7.010364
9.29,7.066662
9.295,7.027953
9.3,6.996288
9.305,7.024435
9.31,7.020917
9.315,7.013882
9.32,7.056104
9.325,7.034993
9.33,6.999806
9.335,7.010364
9.34,7.010364
9.345,7.052586
9.35,6.996288
9.355,7.006841
9.36,7.034993
9.365,7.017399
9.37,7.031475
9.375,7.020917
9.38,7.013882
9.385,7.027953
9.39,6.996288
9.395,7.024435
9.4,7.056104
9.405,7.024435
9.41,7.027953
9.415,7.010364
9.42,7.042028
9.425,7.045546
9.43,6.982212
9.435,7.024435
9.44,7.034993
9.445,7.031475
9.45,7.045546
9.455,7.034993
9.46,7.013882
9.465,7.034993
9.47,7.013882
9.475,7.042028
9.48,7.020917
9.485,6.978695
9.49,7.038511
9.495,7.024435
9.5,7.017399
9.505,7.045546
9.51,7.017399
9.515,7.013882
9.52,7.013882
9.525,7.049069
9.53,7.034993
9.535,7.013882
9.54,7.024435
9.545,7.052586
9.55,6.999806
9.555,7.045546
9.56,7.010364
9.565,7.003324
9.57,7.034993
9.575,7.010364
9.58,7.031475
9.585,7.034993
9.59,7.010364
9.595,7.020917
9.6,7.034993
9.605,7.034993
9.61,7.013882
9.615,7.024435
9.62,7.020917
9.625,7.010364
9.63,7.045546
9.635,7.017399
9.64,7.013882
9.645,7.038511
9.65,7.003324
9.655,7.024435
9.66,7.06314
9.665,6.996288
9.67,7.013882
9.675,7.020917
9.68,7.031475
9.685,7.038511
9.69,7.013882
9.695,7.034993
9.7,7.013882
9.705,7.010364
9.71,7.06314
9.715,7.017399
9.72,7.010364
9.725,7.024435
9.73,7.003324
9.735,7.027953
9.74,7.052586
9.745,7.017399
9.75,7.027953
9.755,7.017399
9.76,7.013882
9.765,7.031475
9.77,6.982212
9.775,7.031475
9.78,7.034993
9.785,7.010364
9.79,7.042028
9.795,7.034993
9.8,7.013882
9.805,7.003324
9.81,7.017399
9.815,7.034993
9.82,7.006841
9.825,7.024435
9.83,7.010364
9.835,7.013882
9.84,7.056104
9.845,7.017399
9.85,6.982212
9.855,7.049069
9.86,7.045546
9.865,6.996288
9.87,7.024435
9.875,7.013882
9.88,7.020917
9.885,7.017399
9.89,7.013882
9.895,7.038511
9.9,7.003324
9.905,7.010364
9.91,7.013882
9.915,6.996288
9.92,7.038511
9.925,6.996288
9.93,6.989248
9.935,7.024435
9.94,7.027953
9.945,7.006841
9.95,7.024435
9.955,7.020917
9.96,7.027953
9.965,7.017399
9.97,7.010364
9.975,7.045546
9.98,7.003324
9.985,7.003324
9.99,7.020917
9.995,7.031475
10,7.045546
10.005,7.010364
10.01,7.020917
10.015,6.999806
10.02,6.996288
10.025,7.07018
10.03,7.013882
10.035,7.006841
10.04,7.031475
10.045,7.020917
10.05,7.038511
10.055,7.017399
10.06,7.013882
10.065,6.989248
10.07,7.013882
10.075,7.013882
10.08,7.049069
10.085,7.013882
10.09,7.020917
10.095,7.013882
10.1,7.024435
10.105,7.038511
10.11,6.99277
10.115,7.013882
10.12,7.052586
10.125,7.003324
10.13,7.059622
10.135,7.006841
10.14,6.999806
10.145,7.038511
10.15,7.017399
10.155,7.042028
10.16,7.013882
10.165,6.989248
10.17,7.045546
10.175,7.020917
10.18,7.024435
10.185,7.038511
10.19,6.989248
10.195,6.996288
10.2,7.020917
10.205,6.982212
10.21,7.027953
10.215,6.996288
10.22,7.017399
10.225,7.013882
10.23,7.027953
10.235,7.038511
10.24,6.989248
10.245,7.031475
10.25,7.020917
10.255,7.006841
10.26,7.056104
10.265,7.006841
10.27,6.99277
10.275,7.038511
10.28,6.99277
10.285,7.049069
10.29,7.010364
10.295,7.017399
10.3,7.031475
10.305,7.006841
10.31,7.045546
10.315,7.017399
10.32,7.006841
10.325,7.017399
10.33,7.013882
10.335,7.052586
10.34,7.027953
10.345,7.017399
10.35,7.017399
10.355,7.024435
10.36,7.017399
10.365,7.038511
10.37,7.013882
10.375,7.024435
10.38,7.052586
10.385,7.003324
10.39,7.031475
10.395,7.013882
10.4,6.978695
10.405,7.049069
10.41,6.99277
10.415,7.049069
10.42,7.024435
10.425,6.989248
10.43,7.024435
10.435,7.020917
10.44,6.996288
10.445,7.038511
10.45,7.020917
10.455,6.999806
10.46,7.013882
10.465,7.024435
10.47,7.045546
10.475,6.98573
10.48,7.013882
10.485,7.027953
10.49,7.006841
10.495,7.042028
10.5,7.034993
10.505,7.017399
10.51,7.034993
10.515,7.024435
10.52,7.045546
10.525,7.010364
10.53,7.013882
10.535,7.042028
10.54,6.996288
10.545,7.049069
10.55,7.020917
10.555,6.989248
10.56,7.042028
10.565,6.982212
10.57,7.017399
10.575,7.059622
10.58,6.982212
10.585,7.027953
10.59,7.034993
10.595,7.010364
10.6,7.045546
10.605,7.013882
10.61,7.027953
10.615,7.049069
10.62,6.99277
10.625,7.042028
10.63,7.038511
10.635,6.999806
10.64,7.031475
10.645,7.024435
10.65,7.010364
10.655,7.006841
10.66,7.003324
10.665,7.024435
10.67,7.003324
10.675,7.056104
10.68,7.038511
10.685,6.989248
10.69,7.038511
10.695,7.010364
10.7,6.999806
10.705,7.042028
10.71,7.013882
10.715,6.996288
10.72,7.013882
10.725,7.017399
10.73,7.045546
10.735,7.010364
10.74,7.003324
10.745,7.034993
10.75,7.013882
10.755,7.027953
10.76,7.027953
10.765,6.996288
10.77,7.013882
10.775,7.006841
10.78,7.027953
10.785,7.031475
10.79,6.996288
10.795,6.999806
10.8,7.013882
10.805,7.038511
10.81,7.031475
10.815,6.978695
10.82,7.031475
10.825,7.034993
10.83,6.999806
10.835,7.042028
10.84,7.017399
10.845,6.99277
10.85,7.052586
10.855,7.010364
10.86,7.024435
10.865,7.027953
10.87,7.006841
10.875,7.006841
10.88,7.020917
10.885,7.031475
10.89,7.013882
10.895,7.017399
10.9,7.020917
10.905,6.98573
10.91,7.024435
10.915,7.06314
10.92,6.964619
10.925,7.003324
10.93,7.045546
10.935,7.013882
10.94,7.027953
10.945,7.006841
10.95,7.020917
10.955,7.020917
10.96,6.996288
10.965,7.045546
10.97,7.013882
10.975,6.989248
10.98,7.045546
10.985,7.017399
10.99,7.006841
10.995,7.017399
11,7.020917
11.005,7.027953
11.01,7.006841
11.015,7.006841
11.02,7.038511
11.025,7.027953
11.03,7.006841
11.035,7.017399
11.04,7.024435
11.045,7.031475
11.05,6.968137
11.055,7.010364
11.06,7.052586
11.065,7.020917
11.07,7.013882
11.075,7.006841
11.08,7.013882
11.085,7.010364
11.09,6.978695
11.095,7.034993
11.1,7.038511
11.105,6.999806
11.11,7.003324
11.115,7.006841
11.12,7.059622
11.125,7.017399
11.13,6.978695
11.135,7.017399
11.14,7.038511
11.145,7.013882
11.15,7.017399
11.155,6.989248
11.16,7.017399
11.165,7.017399
11.17,7.003324
11.175,7.038511
11.18,6.989248
11.185,6.996288
11.19,7.013882
11.195,7.020917
11.2,7.034993
11.205,6.996288
11.21,6.98573
11.215,7.049069
11.22,6.999806
11.225,7.031475
11.23,7.006841
11.235,6.996288
11.24,7.024435
11.245,7.017399
11.25,7.034993
11.255,7.017399
11.26,6.99277
11.265,7.003324
11.27,7.027953
11.275,7.010364
11.28,7.017399
11.285,7.027953
11.29,7.020917
11.295,7.020917
11.3,6.999806
11.305,7.06314
11.31,7.006841
11.315,6.978695
11.32,7.013882
11.325,7.017399
11.33,7.017399
11.335,7.006841
11.34,6.989248
11.345,7.017399
11.35,7.038511
11.355,6.996288
11.36,7.056104
11.365,7.003324
11.37,7.013882
11.375,7.013882
11.38,7.027953
11.385,7.024435
11.39,6.978695
11.395,7.013882
11.4,7.052586
11.405,6.989248
11.41,7.024435
11.415,7.042028
11.42,7.017399
11.425,7.034993
11.43,6.996288
11.435,7.013882
11.44,7.042028
11.445,7.013882
11.45,7.031475
11.455,7.010364
11.46,7.017399
11.465,7.027953
11.47,6.989248
11.475,6.99277
11.48,7.034993
11.485,7.024435
11.49,7.024435
11.495,7.020917
11.5,7.013882
11.505,7.024435
11.51,6.999806
11.515,7.027953
11.52,7.034993
11.525,6.971659
11.53,7.013882
11.535,7.038511
11.54,7.052586
11.545,7.013882
11.55,6.98573
11.555,7.049069
11.56,6.996288
11.565,7.006841
11.57,7.038511
11.575,6.999806
11.58,7.013882
11.585,7.024435
11.59,7.031475
11.595,7.013882
11.6,7.013882
11.605,7.034993
11.61,7.020917
11.615,6.996288
11.62,7.038511
11.625,7.013882
11.63,6.989248
11.635,7.027953
11.64,7.038511
11.645,7.013882
11.65,7.024435
11.655,7.017399
11.66,6.98573
11.665,7.024435
11.67,7.045546
11.675,7.049069
11.68,6.996288
11.685,7.027953
11.69,7.042028
11.695,7.006841
11.7,7.020917
11.705,7.020917
11.71,7.003324
11.715,6.989248
11.72,6.989248
11.725,7.045546
11.73,7.017399
11.735,6.978695
11.74,7.013882
11.745,7.027953
11.75,7.052586
11.755,6.989248
11.76,6.996288
11.765,7.042028
11.77,7.024435
11.775,7.031475
11.78,7.013882
11.785,7.024435
11.79,7.031475
11.795,7.031475
11.8,6.996288
11.805,7.06314
11.81,7.020917
11.815,7.006841
11.82,6.996288
11.825,6.989248
11.83,7.027953
11.835,7.020917
11.84,6.971659
11.845,7.027953
11.85,7.031475
11.855,7.042028
11.86,7.013882
11.865,7.017399
11.87,7.038511
11.875,6.982212
11.88,7.031475
11.885,7.056104
11.89,6.99277
11.895,7.003324
11.9,7.024435
11.905,7.031475
11.91,7.031475
11.915,6.98573
11.92,7.017399
11.925,7.031475
11.93,6.999806
11.935,7.034993
11.94,7.049069
11.945,7.003324
11.95,7.010364
11.955,7.024435
11.96,7.027953
11.965,6.99277
11.97,6.989248
11.975,7.034993
11.98,6.982212
11.985,7.003324
11.99,7.038511
11.995,7.042028
12,7.020917
12.005,6.989248
12.01,7.052586
12.015,7.024435
12.02,6.98573
12.025,7.017399
12.03,7.024435
12.035,6.982212
12.04,7.034993
12.045,7.013882
12.05,6.975177
12.055,7.003324
12.06,7.006841
12.065,7.059622
12.07,7.027953
12.075,7.006841
12.08,6.982212
12.085,6.996288
12.09,7.045546
12.095,7.034993
12.1,6.975177
12.105,7.013882
12.11,7.003324
12.115,7.024435
12.12,7.052586
12.125,6.99277
12.13,7.010364
12.135,7.020917
12.14,7.024435
12.145,7.056104
12.15,7.027953
12.155,6.989248
12.16,7.006841
12.165,7.010364
12.17,7.006841
12.175,7.024435
12.18,6.999806
12.185,7.042028
12.19,7.010364
12.195,7.010364
12.2,7.003324
12.205,6.99277
12.21,7.034993
12.215,7.049069
12.22,6.982212
12.225,7.020917
12.23,7.010364
12.235,7.017399
12.24,6.99277
12.245,6.989248
12.25,7.038511
12.255,7.006841
12.26,7.010364
12.265,7.017399
12.27,7.006841
12.275,7.06314
12.28,7.034993
12.285,7.024435
12.29,7.013882
12.295,6.989248
12.3,7.013882
12.305,7.038511
12.31,7.020917
12.315,6.996288
12.32,7.017399
12.325,7.013882
12.33,7.034993
12.335,7.010364
12.34,7.013882
12.345,7.020917
12.35,6.996288
12.355,7.042028
12.36,7.024435
12.365,6.999806
12.37,7.013882
12.375,7.020917
12.38,7.042028
12.385,6.996288
12.39,6.98573
12.395,7.013882
12.4,7.024435
12.405,7.020917
12.41,7.017399
12.415,6.989248
12.42,7.010364
12.425,7.038511
12.43,6.999806
12.435,7.027953
12.44,7.010364
12.445,7.017399
12.45,7.006841
12.455,6.989248
12.46,7.045546
12.465,6.996288
12.47,6.982212
12.475,7.034993
12.48,7.017399
12.485,6.99277
12.49,7.042028
12.495,7.017399
12.5,7.013882
12.505,7.010364
12.51,6.999806
12.515,7.034993
12.52,7.027953
12.525,6.996288
12.53,7.045546
12.535,6.982212
12.54,7.013882
12.545,7.042028
12.55,6.971659
12.555,7.038511
12.56,7.003324
12.565,6.982212
12.57,7.042028
12.575,6.989248
12.58,7.024435
12.585,7.010364
12.59,7.003324
12.595,7.038511
12.6,6.989248
12.605,7.024435
12.61,7.017399
12.615,7.006841
12.62,7.052586
12.625,6.982212
12.63,7.017399
12.635,7.038511
12.64,7.006841
12.645,7.042028
12.65,7.003324
12.655,6.99277
12.66,7.045546
12.665,6.98573
12.67,7.020917
12.675,7.027953
12.68,6.982212
12.685,7.027953
12.69,6.978695
12.695,7.042028
12.7,7.034993
12.705,6.982212
12.71,7.010364
12.715,7.027953
12.72,6.989248
12.725,7.034993
12.73,7.003324
12.735,6.98573
12.74,7.010364
12.745,7.013882
12.75,7.024435
12.755,7.003324
12.76,7.027953
12.765,7.013882
12.77,6.989248
12.775,7.052586
12.78,7.038511
12.785,6.98573
12.79,7.006841
12.795,7.020917
12.8,7.042028
12.805,6.98573
12.81,6.989248
12.815,7.024435
12.82,7.038511
12.825,7.034993
12.83,7.049069
12.835,6.968137
12.84,7.017399
12.845,7.038511
12.85,7.006841
12.855,7.017399
12.86,7.024435
12.865,6.996288
12.87,7.013882
12.875,6.99277
12.88,7.034993
12.885,7.034993
12.89,7.013882
12.895,6.996288
12.9,7.013882
12.905,7.052586
12.91,7.006841
12.915,7.017399
12.92,7.024435
12.925,6.975177
12.93,7.024435
12.935,7.056104
12.94,6.989248
12.945,6.989248
12.95,7.020917
12.955,7.042028
12.96,7.038511
12.965,6.982212
12.97,7.006841
12.975,7.045546
12.98,7.006841
12.985,7.013882
12.99,7.003324
12.995,7.003324
13,7.013882
13.005,6.99277
13.01,7.052586
13.015,7.034993
13.02,6.999806
13.025,7.027953
13.03,7.042028
13.035,7.003324
13.04,7.006841
13.045,6.99277
13.05,7.038511
13.055,7.010364
13.06,6.996288
13.065,7.017399
13.07,6.999806
13.075,7.017399
13.08,6.996288
13.085,7.017399
13.09,7.038511
13.095,6.98573
13.1,7.017399
13.105,7.020917
13.11,6.982212
13.115,7.042028
13.12,7.027953
13.125,7.003324
13.13,7.056104
13.135,6.996288
13.14,7.027953
13.145,7.017399
13.15,7.006841
13.155,7.017399
13.16,7.003324
13.165,7.024435
13.17,7.024435
13.175,7.013882
13.18,6.99277
13.185,6.989248
13.19,7.031475
13.195,7.024435
13.2,6.975177
13.205,7.020917
13.21,7.034993
13.215,6.99277
13.22,7.045546
13.225,6.996288
13.23,6.989248
13.235,7.024435
13.24,7.010364
13.245,7.031475
13.25,7.013882
13.255,7.010364
13.26,7.031475
13.265,6.98573
13.27,7.049069
13.275,6.996288
13.28,7.010364
13.285,7.017399
13.29,7.003324
13.295,7.020917
13.3,7.049069
13.305,6.99277
13.31,7.010364
13.315,7.013882
13.32,6.999806
13.325,7.034993
13.33,6.999806
13.335,7.024435
13.34,7.031475
13.345,7.013882
13.35,7.038511
13.355,7.017399
13.36,6.996288
13.365,7.027953
13.37,7.006841
13.375,7.034993
13.38,7.020917
13.385,6.975177
13.39,7.017399
13.395,7.024435
13.4,7.020917
13.405,7.031475
13.41,7.013882
13.415,7.006841
13.42,6.996288
13.425,7.031475
13.43,7.027953
13.435,6.982212
13.44,7.042028
13.445,7.017399
13.45,6.99277
13.455,7.038511
13.46,7.003324
13.465,7.006841
13.47,7.031475
13.475,7.013882
13.48,7.010364
13.485,7.006841
13.49,7.013882
13.495,7.003324
13.5,7.020917
13.505,7.034993
13.51,6.98573
13.515,7.006841
13.52,7.031475
13.525,6.989248
13.53,7.020917
13.535,7.013882
13.54,7.003324
13.545,7.042028
13.55,7.010364
13.555,7.013882
13.56,7.031475
13.565,7.003324
13.57,7.017399
13.575,7.010364
13.58,7.013882
13.585,7.024435
13.59,7.003324
13.595,7.013882
13.6,7.013882
13.605,7.013882
13.61,7.017399
13.615,7.020917
13.62,7.010364
13.625,7.010364
13.63,7.017399
13.635,7.038511
13.64,7.031475
13.645,7.010364
13.65,7.006841
13.655,7.013882
13.66,7.034993
13.665,7.013882
13.67,7.003324
13.675,7.020917
13.68,6.996288
13.685,7.013882
13.69,7.045546
13.695,6.999806
13.7,7.013882
13.705,7.003324
13.71,7.006841
13.715,7.038511
13.72,6.999806
13.725,7.017399
13.73,7.024435
13.735,6.996288
13.74,7.034993
13.745,7.010364
13.75,6.996288
13.755,7.042028
13.76,6.996288
13.765,7.010364
13.77,7.024435
13.775,7.003324
13.78,7.017399
13.785,7.003324
13.79,7.034993
13.795,7.042028
13.8,6.982212
13.805,7.017399
13.81,7.031475
13.815,7.010364
13.82,7.024435
13.825,6.999806
13.83,7.017399
13.835,7.017399
13.84,7.024435
13.845,7.017399
13.85,6.996288
13.855,7.027953
13.86,6.999806
13.865,6.99277
13.87,7.042028
13.875,7.027953
13.88,6.978695
13.885,7.042028
13.89,7.006841
13.895,7.013882
13.9,6.999806
13.905,6.93999
13.91,6.823876
13.915,6.654981
13.92,6.507198
13.925,6.31367
13.93,6.215149
13.935,6.077924
13.94,5.937176
13.945,5.817544
13.95,5.747171
13.955,5.620503
13.96,5.490313
13.965,5.41994
13.97,5.324937
13.975,5.251044
13.98,5.152523
13.985,5.078631
13.99,4.997702
13.995,4.95196
14,4.878069
14.005,4.783066
14.01,4.747879
14.015,4.691581
14.02,4.603615
14.025,4.550836
14.03,4.529724
14.035,4.459351
14.04,4.403053
14.045,4.38546
14.05,4.336199
14.055,4.262308
14.06,4.248233
14.065,4.198972
14.07,4.160267
14.075,4.135637
14.08,4.103969
14.085,4.068783
14.09,4.054708
14.095,4.008966
14.1,3.952668
14.105,3.973779
14.11,3.931556
14.115,3.885814
14.12,3.892851
14.125,3.840071
14.13,3.836553
14.135,3.829516
14.14,3.783773
14.145,3.79081
14.15,3.745068
14.155,3.723956
14.16,3.720438
14.165,3.695807
14.17,3.709882
14.175,3.646546
14.18,3.646546
14.185,3.646546
14.19,3.607842
14.195,3.621916
14.2,3.607842
14.205,3.562099
14.21,3.590248
14.215,3.551543
14.22,3.562099
14.225,3.562099
14.23,3.523394
14.235,3.53395
14.24,3.491727
14.245,3.512838
14.25,3.512838
14.255,3.481171
14.26,3.498764
14.265,3.460059
14.27,3.449503
14.275,3.477652
14.28,3.43191
14.285,3.453021
14.29,3.449503
14.295,3.421354
14.3,3.421354
14.305,3.403761
14.31,3.424872
14.315,3.403761
14.32,3.414316
14.325,3.403761
14.33,3.400242
14.335,3.375612
14.34,3.407279
14.345,3.372093
14.35,3.393205
14.355,3.372093
14.36,3.372093
14.365,3.372093
14.37,3.372093
14.375,3.361537
14.38,3.361537
14.385,3.358018
14.39,3.358018
14.395,3.336906
14.4,3.358018
14.405,3.333388
14.41,3.347463
14.415,3.340425
14.42,3.32635
14.425,3.329869
14.43,3.336906
14.435,3.298202
14.44,3.336906
14.445,3.322832
14.45,3.315795
14.455,3.322832
14.46,3.312276
14.465,3.333388
14.47,3.315795
14.475,3.32635
14.48,3.291164
14.485,3.312276
14.49,3.291164
14.495,3.312276
14.5,3.32635
14.505,3.284127
14.51,3.308757
14.515,3.280608
14.52,3.291164
14.525,3.280608
14.53,3.333388
14.535,3.280608
14.54,3.305239
14.545,3.27709
14.55,3.291164
14.555,3.287646
14.56,3.273571
14.565,3.280608
14.57,3.280608
14.575,3.291164
14.58,3.270053
14.585,3.27709
14.59,3.280608
14.595,3.266534
14.6,3.305239
14.605,3.259497
14.61,3.255978
14.615,3.284127
14.62,3.255978
14.625,3.27709
14.63,3.273571
14.635,3.270053
14.64,3.27709
14.645,3.263015
14.65,3.291164
14.655,3.252459
14.66,3.263015
14.665,3.263015
14.67,3.266534
14.675,3.273571
14.68,3.245422
14.685,3.266534
14.69,3.252459
14.695,3.252459
14.7,3.273571
14.705,3.245422
14.71,3.27709
14.715,3.241903
14.72,3.273571
14.725,3.238385
14.73,3.270053
14.735,3.248941
14.74,3.252459
14.745,3.241903
14.75,3.252459
14.755,3.248941
14.76,3.248941
14.765,3.280608
14.77,3.238385
14.775,3.252459
14.78,3.245422
14.785,3.238385
14.79,3.27709
14.795,3.238385
14.8,3.280608
14.805,3.220791
14.81,3.263015
14.815,3.231348
14.82,3.241903
14.825,3.252459
14.83,3.259497
14.835,3.273571
14.84,3.241903
14.845,3.252459
14.85,3.266534
14.855,3.220791
14.86,3.259497
14.865,3.255978
14.87,3.231348
14.875,3.270053
14.88,3.234866
14.885,3.266534
14.89,3.220791
14.895,3.263015
14.9,3.245422
14.905,3.227829
14.91,3.252459
14.915,3.241903
14.92,3.231348
14.925,3.273571
14.93,3.248941
14.935,3.245422
14.94,3.238385
14.945,3.245422
14.95,3.255978
14.955,3.227829
14.96,3.248941
14.965,3.220791
14.97,3.259497
14.975,3.238385
14.98,3.266534
14.985,3.22431
14.99,3.273571
14.995,3.241903
15,3.22431
15.005,3.263015
15.01,3.270053
15.015,3.217273
15.02,3.238385
15.025,3.259497
15.03,3.220791
15.035,3.245422
15.04,3.266534
15.045,3.22431
15.05,3.241903
15.055,3.238385
15.06,3.259497
15.065,3.245422
15.07,3.245422
15.075,3.252459
15.08,3.22431
15.085,3.220791
15.09,3.252459
15.095,3.255978
15.1,3.217273
15.105,3.245422
15.11,3.263015
15.115,3.241903
15.12,3.252459
15.125,3.220791
15.13,3.255978
15.135,3.231348
15.14,3.227829
15.145,3.248941
15.15,3.231348
15.155,3.248941
15.16,3.266534
15.165,3.22431
15.17,3.252459
15.175,3.245422
15.18,3.220791
15.185,3.263015
15.19,3.217273
15.195,3.259497
15.2,3.234866
15.205,3.245422
15.21,3.227829
15.215,3.22431
15.22,3.263015
15.225,3.210236
15.23,3.245422
15.235,3.255978
15.24,3.231348
15.245,3.248941
15.25,3.22431
15.255,3.252459
15.26,3.217273
15.265,3.238385
15.27,3.263015
15.275,3.22431
15.28,3.252459
15.285,3.241903
15.29,3.217273
15.295,3.245422
15.3,3.252459
15.305,3.217273
15.31,3.259497
15.315,3.270053
15.32,3.227829
15.325,3.227829
15.33,3.245422
15.335,3.227829
15.34,3.22431
15.345,3.248941
15.35,3.220791
15.355,3.217273
15.36,3.248941
15.365,3.241903
15.37,3.227829
15.375,3.266534
15.38,3.245422
15.385,3.227829
15.39,3.248941
15.395,3.252459
15.4,3.234866
15.405,3.234866
15.41,3.255978
15.415,3.22431
15.42,3.231348
15.425,3.259497
15.43,3.241903
15.435,3.22431
15.44,3.284127
15.445,3.227829
15.45,3.245422
15.455,3.231348
15.46,3.231348
15.465,3.263015
15.47,3.234866
15.475,3.241903
15.48,3.245422
15.485,3.210236
15.49,3.255978
15.495,3.213755
15.5,3.248941
15.505,3.245422
15.51,3.234866
15.515,3.255978
15.52,3.238385
15.525,3.22431
15.53,3.234866
15.535,3.210236
15.54,3.245422
15.545,3.231348
15.55,3.241903
15.555,3.263015
15.56,3.22431
15.565,3.252459
15.57,3.252459
15.575,3.227829
15.58,3.238385
15.585,3.210236
15.59,3.22431
15.595,3.270053
15.6,3.217273
15.605,3.234866
15.61,3.241903
15.615,3.217273
15.62,3.241903
15.625,3.252459
15.63,3.210236
15.635,3.234866
15.64,3.248941
15.645,3.217273
15.65,3.266534
15.655,3.227829
15.66,3.238385
15.665,3.252459
15.67,3.234866
15.675,3.213755
15.68,3.245422
15.685,3.259497
15.69,3.245422
15.695,3.22431
15.7,3.248941
15.705,3.255978
15.71,3.241903
15.715,3.22431
15.72,3.255978
15.725,3.238385
15.73,3.238385
15.735,3.252459
15.74,3.241903
15.745,3.238385
15.75,3.263015
15.755,3.241903
15.76,3.238385
15.765,3.252459
15.77,3.234866
15.775,3.241903
15.78,3.241903
15.785,3.238385
15.79,3.220791
15.795,3.263015
15.8,3.248941
15.805,3.234866
15.81,3.273571
15.815,3.220791
15.82,3.234866
15.825,3.263015
15.83,3.227829
15.835,3.241903
15.84,3.234866
15.845,3.227829
15.85,3.252459
15.855,3.252459
15.86,3.22431
15.865,3.245422
15.87,3.234866
15.875,3.259497
15.88,3.252459
15.885,3.231348
15.89,3.238385
15.895,3.255978
15.9,3.238385
15.905,3.220791
15.91,3.259497
15.915,3.263015
15.92,3.217273
15.925,3.231348
15.93,3.255978
15.935,3.231348
15.94,3.259497
15.945,3.248941
15.95,3.227829
15.955,3.255978
15.96,3.220791
15.965,3.248941
15.97,3.241903
15.975,3.231348
15.98,3.248941
15.985,3.227829
15.99,3.231348
15.995,3.245422
16,3.234866
16.005,3.259497
16.01,3.210236
16.015,3.22431
16.02,3.255978
16.025,3.217273
16.03,3.255978
16.035,3.266534
16.04,3.241903
16.045,3.227829
16.05,3.252459
16.055,3.255978
16.06,3.231348
16.065,3.22431
16.07,3.259497
16.075,3.241903
16.08,3.220791
16.085,3.259497
16.09,3.234866
16.095,3.241903
16.1,3.234866
16.105,3.227829
16.11,3.245422
16.115,3.238385
16.12,3.234866
16.125,3.263015
16.13,3.234866
16.135,3.220791
16.14,3.259497
16.145,3.217273
16.15,3.255978
16.155,3.231348
16.16,3.234866
16.165,3.263015
16.17,3.234866
16.175,3.263015
16.18,3.217273
16.185,3.255978
16.19,3.206717
16.195,3.245422
16.2,3.234866
16.205,3.245422
16.21,3.248941
16.215,3.234866
16.22,3.255978
16.225,3.213755
16.23,3.255978
16.235,3.227829
16.24,3.245422
16.245,3.263015
16.25,3.217273
16.255,3.234866
16.26,3.259497
16.265,3.22431
16.27,3.241903
16.275,3.248941
16.28,3.22431
16.285,3.245422
16.29,3.245422
16.295,3.231348
16.3,3.238385
16.305,3.234866
16.31,3.238385
16.315,3.210236
16.32,3.248941
16.325,3.255978
16.33,3.213755
16.335,3.263015
16.34,3.245422
16.345,3.227829
16.35,3.245422
16.355,3.234866
16.36,3.192642
16.365,3.252459
16.37,3.255978
16.375,3.231348
16.38,3.238385
16.385,3.248941
16.39,3.234866
16.395,3.255978
16.4,3.241903
16.405,3.231348
16.41,3.245422
16.415,3.255978
16.42,3.203198
16.425,3.248941
16.43,3.263015
16.435,3.213755
16.44,3.255978
16.445,3.245422
16.45,3.22431
16.455,3.259497
16.46,3.252459
16.465,3.206717
16.47,3.270053
16.475,3.234866
16.48,3.220791
16.485,3.248941
16.49,3.234866
16.495,3.245422
16.5,3.252459
16.505,3.217273
16.51,3.238385
16.515,3.245422
16.52,3.220791
16.525,3.245422
16.53,3.263015
16.535,3.245422
16.54,3.263015
16.545,3.259497
16.55,3.231348
16.555,3.259497
16.56,3.213755
16.565,3.252459
16.57,3.245422
16.575,3.217273
16.58,3.238385
16.585,3.252459
16.59,3.220791
16.595,3.252459
16.6,3.22431
16.605,3.245422
16.61,3.238385
16.615,3.248941
16.62,3.252459
16.625,3.217273
16.63,3.241903
16.635,3.22431
16.64,3.252459
16.645,3.210236
16.65,3.252459
16.655,3.227829
16.66,3.248941
16.665,3.231348
16.67,3.245422
16.675,3.245422
16.68,3.241903
16.685,3.263015
16.69,3.255978
16.695,3.234866
16.7,3.245422
16.705,3.245422
16.71,3.241903
16.715,3.252459
16.72,3.220791
16.725,3.266534
16.73,3.217273
16.735,3.248941
16.74,3.231348
16.745,3.217273
16.75,3.255978
16.755,3.220791
16.76,3.248941
16.765,3.259497
16.77,3.206717
16.775,3.248941
16.78,3.241903
16.785,3.231348
16.79,3.263015
16.795,3.245422
16.8,3.234866
16.805,3.263015
16.81,3.241903
16.815,3.245422
16.82,3.266534
16.825,3.213755
16.83,3.22431
16.835,3.252459
16.84,3.241903
16.845,3.217273
16.85,3.213755
16.855,3.231348
16.86,3.241903
16.865,3.227829
16.87,3.234866
16.875,3.234866
16.88,3.227829
16.885,3.241903
16.89,3.227829
16.895,3.227829
16.9,3.252459
16.905,3.238385
16.91,3.213755
16.915,3.245422
16.92,3.245422
16.925,3.238385
16.93,3.238385
16.935,3.241903
16.94,3.227829
16.945,3.231348
16.95,3.245422
16.955,3.263015
16.96,3.220791
16.965,3.22431
16.97,3.241903
16.975,3.217273
16.98,3.234866
16.985,3.263015
16.99,3.227829
16.995,3.220791
17,3.245422
17.005,3.231348
17.01,3.22431
17.015,3.252459
17.02,3.231348
17.025,3.227829
17.03,3.259497
17.035,3.241903
17.04,3.213755
17.045,3.231348
17.05,3.259497
17.055,3.217273
17.06,3.231348
17.065,3.263015
17.07,3.263015
17.075,3.217273
17.08,3.22431
17.085,3.273571
17.09,3.231348
17.095,3.263015
17.1,3.252459
17.105,3.227829
17.11,3.245422
17.115,3.217273
17.12,3.238385
17.125,3.234866
17.13,3.241903
17.135,3.245422
17.14,3.217273
17.145,3.238385
17.15,3.252459
17.155,3.238385
17.16,3.255978
17.165,3.22431
17.17,3.227829
17.175,3.241903
17.18,3.245422
17.185,3.231348
17.19,3.241903
17.195,3.206717
17.2,3.234866
17.205,3.248941
17.21,3.213755
17.215,3.234866
17.22,3.255978
17.225,3.245422
17.23,3.234866
17.235,3.227829
17.24,3.245422
17.245,3.227829
17.25,3.248941
17.255,3.252459
17.26,3.213755
17.265,3.245422
17.27,3.238385
17.275,3.263015
17.28,3.234866
17.285,3.227829
17.29,3.248941
17.295,3.245422
17.3,3.22431
17.305,3.241903
17.31,3.245422
17.315,3.245422
17.32,3.241903
17.325,3.227829
17.33,3.238385
17.335,3.266534
17.34,3.231348
17.345,3.245422
17.35,3.245422
17.355,3.22431
17.36,3.22431
17.365,3.259497
17.37,3.245422
17.375,3.227829
17.38,3.245422
17.385,3.263015
17.39,3.248941
17.395,3.227829
17.4,3.248941
17.405,3.245422
17.41,3.220791
17.415,3.248941
17.42,3.234866
17.425,3.234866
17.43,3.259497
17.435,3.213755
17.44,3.245422
17.445,3.238385
17.45,3.227829
17.455,3.252459
17.46,3.241903
17.465,3.245422
17.47,3.241903
17.475,3.234866
17.48,3.252459
17.485,3.248941
17.49,3.231348
17.495,3.245422
17.5,3.248941
17.505,3.234866
17.51,3.252459
17.515,3.231348
17.52,3.248941
17.525,3.238385
17.53,3.231348
17.535,3.22431
17.54,3.263015
17.545,3.22431
17.55,3.252459
17.555,3.234866
17.56,3.22431
17.565,3.238385
17.57,3.241903
17.575,3.22431
17.58,3.255978
17.585,3.217273
17.59,3.248941
17.595,3.248941
17.6,3.220791
17.605,3.266534
17.61,3.217273
17.615,3.227829
17.62,3.248941
17.625,3.227829
17.63,3.22431
17.635,3.231348
17.64,3.206717
17.645,3.252459
17.65,3.241903
17.655,3.22431
17.66,3.252459
17.665,3.245422
17.67,3.217273
17.675,3.266534
17.68,3.217273
17.685,3.245422
17.69,3.231348
17.695,3.22431
17.7,3.259497
17.705,3.234866
17.71,3.248941
17.715,3.22431
17.72,3.238385
17.725,3.263015
17.73,3.210236
17.735,3.259497
17.74,3.234866
17.745,3.227829
17.75,3.241903
17.755,3.220791
17.76,3.259497
17.765,3.213755
17.77,3.248941
17.775,3.231348
17.78,3.245422
17.785,3.234866
17.79,3.213755
17.795,3.248941
17.8,3.217273
17.805,3.238385
17.81,3.234866
17.815,3.231348
17.82,3.234866
17.825,3.206717
17.83,3.217273
17.835,3.259497
17.84,3.210236
17.845,3.252459
17.85,3.241903
17.855,3.217273
17.86,3.234866
17.865,3.227829
17.87,3.22431
17.875,3.245422
17.88,3.213755
17.885,3.241903
17.89,3.266534
17.895,3.210236
17.9,3.22431
17.905,3.255978
17.91,3.203198
17.915,3.241903
17.92,3.263015
17.925,3.231348
17.93,3.241903
17.935,3.255978
17.94,3.234866
17.945,3.241903
17.95,3.234866
17.955,3.248941
17.96,3.238385
17.965,3.220791
17.97,3.22431
17.975,3.259497
17.98,3.263015
17.985,3.217273
17.99,3.234866
17.995,3.263015
18,3.22431
18.005,3.22431
18.01,3.263015
18.015,3.22431
18.02,3.206717
18.025,3.238385
18.03,3.238385
18.035,3.231348
18.04,3.234866
18.045,3.241903
18.05,3.220791
18.055,3.255978
18.06,3.241903
18.065,3.220791
18.07,3.231348
18.075,3.217273
18.08,3.241903
18.085,3.245422
18.09,3.220791
18.095,3.248941
18.1,3.245422
18.105,3.231348
18.11,3.248941
18.115,3.248941
18.12,3.227829
18.125,3.248941
18.13,3.22431
18.135,3.22431
18.14,3.245422
18.145,3.234866
18.15,3.234866
18.155,3.234866
18.16,3.241903
18.165,3.231348
18.17,3.252459
18.175,3.252459
18.18,3.210236
18.185,3.259497
18.19,3.238385
18.195,3.241903
18.2,3.255978
18.205,3.220791
18.21,3.252459
18.215,3.238385
18.22,3.217273
18.225,3.245422
18.23,3.217273
18.235,3.22431
18.24,3.252459
18.245,3.210236
18.25,3.241903
18.255,3.238385
18.26,3.22431
18.265,3.245422
18.27,3.234866
18.275,3.22431
18.28,3.248941
18.285,3.238385
18.29,3.231348
18.295,3.241903
18.3,3.234866
18.305,3.231348
18.31,3.252459
18.315,3.22431
18.32,3.238385
18.325,3.259497
18.33,3.227829
18.335,3.241903
18.34,3.231348
18.345,3.220791
18.35,3.252459
18.355,3.220791
18.36,3.270053
18.365,3.217273
18.37,3.227829
18.375,3.248941
18.38,3.217273
18.385,3.220791
18.39,3.217273
18.395,3.227829
18.4,3.263015
18.405,3.227829
18.41,3.231348
18.415,3.263015
18.42,3.22431
18.425,3.245422
18.43,3.245422
18.435,3.217273
18.44,3.248941
18.445,3.248941
18.45,3.231348
18.455,3.245422
18.46,3.213755
18.465,3.248941
18.47,3.245422
18.475,3.22431
18.48,3.234866
18.485,3.252459
18.49,3.22431
18.495,3.245422
18.5,3.245422
18.505,3.231348
18.51,3.234866
18.515,3.217273
18.52,3.248941
18.525,3.234866
18.53,3.206717
18.535,3.234866
18.54,3.231348
18.545,3.217273
18.55,3.238385
18.555,3.266534
18.56,3.241903
18.565,3.220791
18.57,3.252459
18.575,3.255978
18.58,3.241903
18.585,3.217273
18.59,3.234866
18.595,3.248941
18.6,3.22431
18.605,3.241903
18.61,3.266534
18.615,3.231348
18.62,3.217273
18.625,3.241903
18.63,3.255978
18.635,3.217273
18.64,3.22431
18.645,3.255978
18.65,3.252459
18.655,3.22431
18.66,3.248941
18.665,3.263015
18.67,3.231348
18.675,3.248941
18.68,3.252459
18.685,3.210236
18.69,3.245422
18.695,3.263015
18.7,3.213755
18.705,3.245422
18.71,3.227829
18.715,3.248941
18.72,3.227829
18.725,3.22431
18.73,3.217273
18.735,3.238385
18.74,3.234866
18.745,3.238385
18.75,3.266534
18.755,3.220791
18.76,3.252459
18.765,3.220791
18.77,3.234866
18.775,3.248941
18.78,3.213755
18.785,3.248941
18.79,3.203198
18.795,3.252459
18.8,3.220791
18.805,3.22431
18.81,3.259497
18.815,3.22431
18.82,3.231348
18.825,3.234866
18.83,3.248941
18.835,3.231348
18.84,3.255978
18.845,3.213755
18.85,3.234866
18.855,3.238385
18.86,3.231348
18.865,3.22431
18.87,3.248941
18.875,3.210236
18.88,3.241903
18.885,3.245422
18.89,3.238385
18.895,3.234866
18.9,3.217273
18.905,3.238385
18.91,3.22431
18.915,3.231348
18.92,3.263015
18.925,3.22431
18.93,3.238385
18.935,3.238385
18.94,3.227829
18.945,3.241903
18.95,3.227829
18.955,3.234866
18.96,3.210236
18.965,3.231348
18.97,3.263015
18.975,3.210236
18.98,3.273571
18.985,3.22431
18.99,3.227829
18.995,3.259497
19,3.22431
19.005,3.234866
19.01,3.245422
19.015,3.248941
19.02,3.217273
19.025,3.248941
19.03,3.248941
19.035,3.22431
19.04,3.217273
19.045,3.252459
19.05,3.245422
19.055,3.234866
19.06,3.220791
19.065,3.248941
19.07,3.234866
19.075,3.241903
19.08,3.231348
19.085,3.231348
19.09,3.255978
19.095,3.227829
19.1,3.241903
19.105,3.231348
19.11,3.217273
19.115,3.241903
19.12,3.234866
19.125,3.22431
19.13,3.22431
19.135,3.245422
19.14,3.248941
19.145,3.217273
19.15,3.241903
19.155,3.238385
19.16,3.220791
19.165,3.231348
19.17,3.241903
19.175,3.241903
19.18,3.227829
19.185,3.241903
19.19,3.234866
19.195,3.217273
19.2,3.255978
19.205,3.252459
19.21,3.213755
19.215,3.238385
19.22,3.245422
19.225,3.210236
19.23,3.234866
19.235,3.245422
19.24,3.231348
19.245,3.203198
19.25,3.234866
19.255,3.248941
19.26,3.245422
19.265,3.210236
19.27,3.245422
19.275,3.248941
19.28,3.227829
19.285,3.220791
19.29,3.252459
19.295,3.213755
19.3,3.234866
19.305,3.231348
19.31,3.227829
19.315,3.234866
19.32,3.245422
19.325,3.234866
19.33,3.248941
19.335,3.196161
19.34,3.234866
19.345,3.245422
19.35,3.217273
19.355,3.227829
19.36,3.248941
19.365,3.273571
19.37,3.238385
19.375,3.220791
19.38,3.220791
19.385,3.252459
19.39,3.22431
19.395,3.19968
19.4,3.22431
19.405,3.245422
19.41,3.266534
19.415,3.238385
19.42,3.22431
19.425,3.259497
19.43,3.238385
19.435,3.231348
19.44,3.231348
19.445,3.241903
19.45,3.217273
19.455,3.22431
19.46,3.241903
19.465,3.245422
19.47,3.19968
19.475,3.252459
19.48,3.227829
19.485,3.217273
19.49,3.266534
19.495,3.231348
19.5,3.231348
19.505,3.255978
19.51,3.217273
19.515,3.245422
19.52,3.234866
19.525,3.217273
19.53,3.227829
19.535,3.241903
19.54,3.220791
19.545,3.241903
19.55,3.241903
19.555,3.217273
19.56,3.217273
19.565,3.241903
19.57,3.231348
19.575,3.245422
19.58,3.245422
19.585,3.210236
19.59,3.248941
19.595,3.238385
19.6,3.22431
19.605,3.386167
19.61,3.555062
19.615,3.706363
19.62,3.875258
19.625,3.987854
19.63,4.125081
19.635,4.276382
19.64,4.41009
19.645,4.491019
19.65,4.607134
19.655,4.733805
19.66,4.79714
19.665,4.941404
19.67,4.987146
19.675,5.071594
19.68,5.226414
19.685,5.201783
19.69,5.328454
19.695,5.423457
19.7,5.441051
19.705,5.525496
19.71,5.588834
19.715,5.652168
19.72,5.676797
19.725,5.747171
19.73,5.792916
19.735,5.842173
19.74,5.919583
19.745,5.933659
19.75,5.972363
19.755,6.011068
19.76,6.074406
19.765,6.123664
19.77,6.113111
19.775,6.176445
19.78,6.218667
19.785,6.208114
19.79,6.317192
19.795,6.282006
19.8,6.303117
19.805,6.369968
19.81,6.373491
19.815,6.412195
19.82,6.433307
19.825,6.440342
19.83,6.486087
19.835,6.472011
19.84,6.521269
19.845,6.510716
19.85,6.507198
19.855,6.567014
19.86,6.577572
19.865,6.609237
19.87,6.595161
19.875,6.62683
19.88,6.651459
19.885,6.665535
19.89,6.67961
19.895,6.651459
19.9,6.690164
19.905,6.676093
19.91,6.714797
19.915,6.739426
19.92,6.690164
19.925,6.749984
19.93,6.721833
19.935,6.774613
19.94,6.799242
19.945,6.739426
19.95,6.788689
19.955,6.795725
19.96,6.799242
19.965,6.8098
19.97,6.8098
19.975,6.813318
19.98,6.799242
19.985,6.85554
19.99,6.852023
19.995,6.816836
20,6.873134
20.005,6.880174
20.01,6.859058
20.015,6.848505
20.02,6.848505
20.025,6.894245
20.03,6.873134
20.035,6.883692
20.04,6.897768
20.045,6.894245
20.05,6.911839
20.055,6.880174
20.06,6.908321
20.065,6.904803
20.07,6.904803
20.075,6.947026
20.08,6.925914
20.085,6.918879
20.09,6.93295
20.095,6.915361
20.1,6.954066
20.105,6.911839
20.11,6.901285
20.115,6.950543
20.12,6.922397
20.125,6.93999
20.13,6.908321
20.135,6.968137
20.14,6.971659
20.145,6.904803
20.15,6.943508
20.155,6.996288
20.16,6.950543
20.165,6.971659
20.17,6.947026
20.175,6.93999
20.18,6.975177
20.185,6.989248
20.19,6.971659
20.195,6.936472
20.2,6.982212
20.205,6.968137
20.21,6.961101
20.215,6.968137
20.22,6.954066
20.225,6.98573
20.23,6.98573
20.235,6.982212
20.24,6.98573
20.245,6.947026
20.25,6.968137
20.255,6.989248
20.26,7.006841
20.265,6.989248
20.27,6.950543
20.275,6.982212
20.28,6.989248
20.285,7.013882
20.29,6.989248
20.295,6.975177
20.3,6.996288
20.305,6.989248
20.31,6.982212
20.315,6.996288
20.32,6.971659
20.325,6.996288
20.33,7.013882
20.335,6.964619
20.34,7.013882
20.345,7.006841
20.35,6.996288
20.355,6.996288
20.36,7.003324
20.365,7.006841
20.37,6.999806
20.375,6.996288
20.38,6.99277
20.385,6.982212
20.39,7.024435
20.395,7.017399
20.4,6.98573
20.405,6.996288
20.41,7.006841
20.415,7.006841
20.42,6.989248
20.425,6.99277
20.43,7.020917
20.435,6.978695
20.44,6.996288
20.445,7.017399
20.45,6.99277
20.455,6.996288
20.46,6.98573
20.465,7.020917
20.47,7.038511
20.475,7.006841
20.48,7.024435
20.485,7.003324
20.49,7.049069
20.495,7.027953
20.5,6.978695
20.505,7.006841
20.51,6.999806
20.515,7.038511
20.52,7.07018
20.525,7.013882
20.53,7.010364
20.535,6.99277
20.54,7.027953
20.545,7.06314
20.55,6.982212
20.555,7.010364
20.56,7.027953
20.565,7.042028
20.57,7.020917
20.575,6.996288
20.58,7.013882
20.585,7.042028
20.59,7.017399
20.595,7.024435
20.6,6.982212
20.605,7.042028
20.61,7.034993
20.615,7.006841
20.62,7.038511
20.625,7.024435
20.63,7.017399
20.635,7.013882
20.64,6.996288
20.645,7.034993
20.65,7.006841
20.655,6.999806
20.66,7.003324
20.665,7.006841
20.67,7.045546
20.675,6.996288
20.68,7.017399
20.685,7.059622
20.69,7.010364
20.695,7.017399
20.7,7.017399
20.705,7.038511
20.71,7.006841
20.715,7.034993
20.72,7.038511
20.725,6.989248
20.73,7.006841
20.735,7.056104
20.74,6.99277
20.745,7.038511
20.75,7.020917
20.755,6.99277
20.76,7.038511
20.765,7.042028
20.77,7.024435
20.775,7.045546
20.78,7.013882
20.785,7.038511
20.79,7.003324
20.795,7.038511
20.8,7.017399
20.805,7.020917
20.81,7.024435
20.815,6.996288
20.82,7.073698
20.825,7.017399
20.83,7.017399
20.835,7.073698
20.84,7.010364
20.845,7.024435
20.85,7.031475
20.855,6.999806
20.86,7.038511
20.865,7.038511
20.87,7.020917
20.875,7.038511
20.88,7.020917
20.885,7.031475
20.89,6.99277
20.895,7.024435
20.9,7.052586
20.905,6.999806
20.91,7.013882
20.915,7.020917
20.92,7.017399
20.925,7.034993
20.93,7.010364
20.935,7.031475
20.94,7.017399
20.945,7.013882
20.95,7.049069
20.955,7.024435
20.96,6.996288
20.965,7.034993
20.97,7.020917
20.975,7.059622
20.98,7.006841
20.985,7.042028
20.99,7.042028
20.995,7.027953
21,7.049069
21.005,7.017399
21.01,7.003324
21.015,7.038511
21.02,7.034993
21.025,7.006841
21.03,7.020917
21.035,7.027953
21.04,7.027953
21.045,7.059622
21.05,7.017399
21.055,7.013882
21.06,7.020917
21.065,7.017399
21.07,7.031475
21.075,7.07018
21.08,6.978695
21.085,7.006841
21.09,7.059622
21.095,7.042028
21.1,7.020917
21.105,7.010364
21.11,7.049069
21.115,7.045546
21.12,6.999806
21.125,7.038511
21.13,7.031475
21.135,7.042028
21.14,7.006841
21.145,7.013882
21.15,7.066662
21.155,7.024435
21.16,7.010364
21.165,7.020917
21.17,7.020917
21.175,7.080733
21.18,7.017399
21.185,6.989248
21.19,7.020917
21.195,7.027953
21.2,7.045546
21.205,7.003324
21.21,6.999806
21.215,7.056104
21.22,7.010364
21.225,7.024435
21.23,7.017399
21.235,7.031475
21.24,7.042028
21.245,6.996288
21.25,7.031475
21.255,7.052586
21.26,7.024435
21.265,7.020917
21.27,7.038511
21.275,7.049069
21.28,7.020917
21.285,7.006841
21.29,7.052586
21.295,7.017399
21.3,7.066662
21.305,7.045546
21.31,6.989248
21.315,7.027953
21.32,7.034993
21.325,7.017399
21.33,7.038511
21.335,7.013882
21.34,7.013882
21.345,7.017399
21.35,7.073698
21.355,7.017399
21.36,6.989248
21.365,7.038511
21.37,7.027953
21.375,7.013882
21.38,7.06314
21.385,7.006841
21.39,7.017399
21.395,7.024435
21.4,7.052586
21.405,7.020917
21.41,7.010364
21.415,7.027953
21.42,7.006841
21.425,7.027953
21.43,7.049069
21.435,7.006841
21.44,7.017399
21.445,7.020917
21.45,7.031475
21.455,7.034993
21.46,7.024435
21.465,7.017399
21.47,7.045546
21.475,7.049069
21.48,7.024435
21.485,6.989248
21.49,7.017399
21.495,7.010364
21.5,7.038511
21.505,7.073698
21.51,6.99277
21.515,7.038511
21.52,7.034993
21.525,7.013882
21.53,7.020917
21.535,7.020917
21.54,7.042028
21.545,7.013882
21.55,7.045546
21.555,7.049069
21.56,7.006841
21.565,6.982212
21.57,7.017399
21.575,7.045546
21.58,7.020917
21.585,7.010364
21.59,7.038511
21.595,7.010364
21.6,7.024435
21.605,7.052586
21.61,6.996288
21.615,7.049069
21.62,7.017399
21.625,7.034993
21.63,7.049069
21.635,7.006841
21.64,7.020917
21.645,7.031475
21.65,7.017399
21.655,7.056104
21.66,7.017399
21.665,7.003324
21.67,7.006841
21.675,7.049069
21.68,7.034993
21.685,7.038511
21.69,7.017399
21.695,7.003324
21.7,7.06314
21.705,7.024435
21.71,7.006841
21.715,7.038511
21.72,7.003324
21.725,6.999806
21.73,7.066662
21.735,7.013882
21.74,7.020917
21.745,7.031475
21.75,7.031475
21.755,7.027953
21.76,7.017399
21.765,7.027953
21.77,6.999806
21.775,7.020917
21.78,7.027953
21.785,7.010364
21.79,7.034993
21.795,7.045546
21.8,7.017399
21.805,7.027953
21.81,7.020917
21.815,7.010364
21.82,7.031475
21.825,7.024435
21.83,7.017399
21.835,7.027953
21.84,7.010364
21.845,7.027953
21.85,7.027953
21.855,7.038511
21.86,7.003324
21.865,7.013882
21.87,7.045546
21.875,7.027953
21.88,7.031475
21.885,7.017399
21.89,6.996288
21.895,7.024435
21.9,7.045546
21.905,7.024435
21.91,6.989248
21.915,7.024435
21.92,7.045546
21.925,7.024435
21.93,7.006841
21.935,6.989248
21.94,7.017399
21.945,7.020917
21.95,7.010364
21.955,7.006841
21.96,7.017399
21.965,7.042028
21.97,7.013882
21.975,6.999806
21.98,7.042028
21.985,6.999806
21.99,6.996288
21.995,7.027953
22,7.052586
22.005,7.024435
22.01,6.996288
22.015,7.024435
22.02,7.017399
22.025,7.006841
22.03,7.045546
22.035,6.971659
22.04,7.042028
22.045,7.006841
22.05,7.031475
22.055,7.045546
22.06,6.982212
22.065,7.038511
22.07,7.038511
22.075,7.017399
22.08,7.038511
22.085,7.024435
22.09,7.034993
22.095,6.978695
22.1,7.06314
22.105,7.031475
22.11,6.982212
22.115,7.038511
22.12,6.98573
22.125,7.052586
22.13,7.038511
22.135,7.003324
22.14,7.003324
22.145,7.027953
22.15,7.042028
22.155,7.013882
22.16,7.017399
22.165,7.017399
22.17,7.020917
22.175,7.045546
22.18,6.989248
22.185,7.017399
22.19,7.027953
22.195,6.99277
22.2,7.056104
22.205,7.006841
22.21,7.013882
22.215,7.042028
22.22,6.98573
22.225,7.052586
22.23,7.013882
22.235,7.013882
22.24,7.013882
22.245,7.006841
22.25,7.056104
22.255,7.013882
22.26,7.027953
22.265,7.017399
22.27,7.013882
22.275,7.059622
22.28,6.989248
22.285,6.98573
22.29,7.031475
22.295,6.99277
22.3,7.056104
22.305,7.017399
22.31,6.975177
22.315,7.010364
22.32,6.996288
22.325,7.049069
22.33,7.017399
22.335,7.006841
22.34,7.031475
22.345,6.982212
22.35,7.052586
22.355,6.99277
22.36,7.003324
22.365,7.038511
22.37,6.99277
22.375,7.045546
22.38,7.038511
22.385,6.99277
22.39,7.034993
22.395,7.003324
22.4,7.020917
22.405,6.996288
22.41,7.006841
22.415,6.999806
22.42,7.017399
22.425,7.034993
22.43,6.999806
22.435,7.027953
22.44,6.999806
22.445,7.017399
22.45,7.052586
22.455,6.982212
22.46,6.996288
22.465,7.034993
22.47,7.013882
22.475,7.024435
22.48,7.024435
22.485,6.982212
22.49,7.034993
22.495,7.038511
22.5,7.013882
22.505,6.996288
22.51,7.045546
22.515,6.98573
22.52,7.013882
22.525,7.013882
22.53,6.978695
22.535,7.010364
22.54,6.971659
22.545,7.024435
22.55,7.038511
22.555,7.003324
22.56,7.049069
22.565,6.999806
22.57,7.017399
22.575,7.027953
22.58,6.968137
22.585,7.031475
22.59,6.98573
22.595,7.034993
22.6,7.020917
22.605,6.98573
22.61,7.003324
22.615,6.996288
22.62,7.038511
22.625,7.017399
22.63,6.982212
22.635,7.027953
22.64,7.003324
22.645,7.013882
22.65,7.034993
22.655,7.010364
22.66,7.020917
22.665,7.017399
22.67,7.027953
22.675,7.013882
22.68,7.038511
22.685,7.013882
22.69,7.013882
22.695,7.042028
22.7,6.989248
22.705,7.017399
22.71,6.999806
22.715,6.999806
22.72,7.052586
22.725,7.003324
22.73,6.98573
22.735,7.027953
22.74,7.010364
22.745,7.027953
22.75,7.013882
22.755,7.006841
22.76,6.996288
22.765,7.034993
22.77,7.020917
22.775,6.975177
22.78,7.017399
22.785,6.99277
22.79,7.006841
22.795,7.027953
22.8,6.99277
22.805,7.017399
22.81,6.996288
22.815,7.042028
22.82,7.013882
22.825,6.98573
22.83,7.020917
22.835,7.013882
22.84,7.034993
22.845,6.996288
22.85,6.982212
22.855,7.024435
22.86,7.017399
22.865,7.034993
22.87,6.989248
22.875,7.006841
22.88,7.017399
22.885,6.975177
22.89,7.013882
22.895,7.006841
22.9,6.999806
22.905,7.006841
22.91,7.013882
22.915,6.999806
22.92,6.950543
22.925,7.034993
22.93,7.031475
22.935,6.99277
22.94,7.020917
22.945,6.989248
22.95,7.020917
22.955,6.99277
22.96,7.042028
22.965,7.024435
22.97,6.978695
22.975,7.027953
22.98,7.010364
22.985,7.003324
22.99,7.010364
22.995,6.982212
23,7.031475
23.005,7.031475
23.01,7.010364
23.015,7.017399
23.02,6.996288
23.025,7.024435
23.03,7.003324
23.035,7.027953
23.04,6.982212
23.045,7.017399
23.05,7.049069
23.055,6.989248
23.06,7.006841
23.065,7.010364
23.07,7.013882
23.075,6.999806
23.08,7.017399
23.085,7.06314
23.09,6.996288
23.095,6.982212
23.1,7.031475
23.105,7.013882
23.11,7.031475
23.115,7.006841
23.12,7.027953
23.125,7.020917
23.13,6.989248
23.135,7.020917
23.14,6.989248
23.145,7.013882
23.15,6.999806
23.155,7.027953
23.16,7.045546
23.165,6.989248
23.17,6.982212
23.175,7.017399
23.18,7.038511
23.185,6.996288
23.19,7.013882
23.195,7.031475
23.2,7.013882
23.205,7.013882
23.21,6.996288
23.215,6.982212
23.22,7.013882
23.225,6.975177
23.23,7.052586
23.235,7.020917
23.24,7.013882
23.245,7.006841
23.25,7.003324
23.255,7.059622
23.26,6.975177
23.265,6.982212
23.27,7.010364
23.275,7.017399
23.28,7.006841
23.285,6.989248
23.29,7.024435
23.295,6.98573
23.3,7.027953
23.305,7.042028
23.31,7.003324
23.315,6.989248
23.32,6.989248
23.325,7.038511
23.33,7.042028
23.335,6.971659
23.34,7.003324
23.345,7.003324
23.35,7.066662
23.355,7.006841
23.36,6.964619
23.365,6.996288
23.37,7.006841
23.375,7.07018
23.38,6.982212
23.385,6.982212
23.39,7.017399
23.395,6.999806
23.4,7.038511
23.405,6.98573
23.41,6.975177
23.415,7.034993
23.42,7.031475
23.425,7.017399
23.43,6.996288
23.435,7.017399
23.44,7.017399
23.445,7.017399
23.45,7.024435
23.455,6.975177
23.46,7.017399
23.465,7.013882
23.47,7.006841
23.475,6.996288
23.48,7.013882
23.485,7.024435
23.49,7.003324
23.495,7.020917
23.5,7.034993
23.505,6.999806
23.51,7.013882
23.515,7.006841
23.52,7.013882
23.525,7.006841
23.53,6.999806
23.535,7.010364
23.54,6.971659
23.545,7.038511
23.55,7.017399
23.555,6.978695
23.56,7.042028
23.565,6.978695
23.57,7.059622
23.575,7.013882
23.58,6.996288
23.585,7.027953
23.59,7.010364
23.595,7.020917
23.6,7.006841
23.605,6.99277
23.61,7.020917
23.615,7.034993
23.62,7.003324
23.625,7.003324
23.63,7.010364
23.635,6.989248
23.64,7.020917
23.645,6.999806
23.65,7.010364
23.655,6.996288
23.66,6.999806
23.665,7.031475
23.67,6.996288
23.675,6.996288
23.68,6.989248
23.685,7.006841
23.69,7.049069
23.695,6.989248
23.7,7.006841
23.705,7.013882
23.71,6.999806
23.715,7.056104
23.72,6.968137
23.725,6.989248
23.73,7.017399
23.735,7.013882
23.74,7.049069
23.745,6.968137
23.75,7.020917
23.755,7.003324
23.76,7.013882
23.765,7.038511
23.77,6.982212
23.775,7.017399
23.78,7.006841
23.785,7.024435
23.79,7.034993
23.795,6.982212
23.8,7.006841
23.805,7.027953
23.81,7.017399
23.815,6.996288
23.82,7.006841
23.825,6.98573
23.83,6.99277
23.835,7.038511
23.84,6.98573
23.845,6.996288
23.85,7.027953
23.855,6.99277
23.86,7.003324
23.865,7.006841
23.87,6.982212
23.875,7.003324
23.88,7.034993
23.885,7.031475
23.89,6.975177
23.895,7.006841
23.9,7.010364
23.905,7.024435
23.91,6.99277
23.915,6.989248
23.92,7.038511
23.925,7.003324
23.93,7.013882
23.935,7.013882
23.94,6.99277
23.945,7.024435
23.95,6.989248
23.955,7.049069
23.96,7.013882
23.965,6.989248
23.97,6.996288
23.975,6.99277
23.98,7.027953
23.985,6.996288
23.99,6.975177
23.995,7.006841
24,7.006841
24.005,7.056104
24.01,6.971659
24.015,6.978695
24.02,6.999806
24.025,7.038511
24.03,7.027953
24.035,6.954066
24.04,7.013882
24.045,7.017399
24.05,7.017399
24.055,7.038511
24.06,6.996288
24.065,7.003324
24.07,7.006841
24.075,7.017399
24.08,7.006841
24.085,7.013882
24.09,6.999806
24.095,6.996288
24.1,7.038511
24.105,6.989248
24.11,6.99277
24.115,7.013882
24.12,7.024435
24.125,7.042028
24.13,6.957584
24.135,7.003324
24.14,7.027953
24.145,6.999806
24.15,7.020917
24.155,6.99277
24.16,7.013882
24.165,6.99277
24.17,7.010364
24.175,6.982212
24.18,6.978695
24.185,7.034993
24.19,7.020917
24.195,7.038511
24.2,7.017399
24.205,6.98573
24.21,6.996288
24.215,6.989248
24.22,7.013882
24.225,7.006841
24.23,7.003324
24.235,7.020917
24.24,6.982212
24.245,7.031475
24.25,7.017399
24.255,7.020917
24.26,7.017399
24.265,7.024435
24.27,7.013882
24.275,6.968137
24.28,7.020917
24.285,7.017399
24.29,7.038511
24.295,7.003324
24.3,6.975177
24.305,7.017399
24.31,7.010364
24.315,7.042028
24.32,6.996288
24.325,6.971659
24.33,7.006841
24.335,7.024435
24.34,7.042028
24.345,6.999806
24.35,6.971659
24.355,7.024435
24.36,6.989248
24.365,7.027953
24.37,7.013882
24.375,7.010364
24.38,6.978695
24.385,7.024435
24.39,7.056104
24.395,6.978695
24.4,7.017399
24.405,7.024435
24.41,7.006841
24.415,7.013882
24.42,6.975177
24.425,7.024435
24.43,7.010364
24.435,7.024435
24.44,6.996288
24.445,7.003324
24.45,7.049069
24.455,6.99277
24.46,7.027953
24.465,7.003324
24.47,7.017399
24.475,6.989248
24.48,7.010364
24.485,7.042028
24.49,6.989248
24.495,7.013882
24.5,6.999806
24.505,7.013882
24.51,7.017399
24.515,6.982212
24.52,6.999806
24.525,6.975177
24.53,7.038511
24.535,7.020917
24.54,6.996288
24.545,7.003324
24.55,7.003324
24.555,7.052586
24.56,6.996288
24.565,6.989248
24.57,7.056104
24.575,7.006841
24.58,7.006841
24.585,6.996288
24.59,7.003324
24.595,7.038511
24.6,7.017399
24.605,7.038511
24.61,6.99277
24.615,7.017399
24.62,6.999806
24.625,6.996288
24.63,7.020917
24.635,7.003324
24.64,7.020917
24.645,6.989248
24.65,7.042028
24.655,7.031475
24.66,6.989248
24.665,7.003324
24.67,6.99277
24.675,7.042028
24.68,7.031475
24.685,6.98573
24.69,7.006841
24.695,7.013882
24.7,7.013882
24.705,6.961101
24.71,7.013882
24.715,7.010364
24.72,7.020917
24.725,7.013882
24.73,6.999806
24.735,7.013882
24.74,6.99277
24.745,7.024435
24.75,6.999806
24.755,6.999806
24.76,6.989248
24.765,7.010364
24.77,7.045546
24.775,6.996288
24.78,6.99277
24.785,7.020917
24.79,7.034993
24.795,7.031475
24.8,6.989248
24.805,7.024435
24.81,7.027953
24.815,6.99277
24.82,7.010364
24.825,7.013882
24.83,7.006841
24.835,6.989248
24.84,7.052586
24.845,6.996288
24.85,6.996288
24.855,6.99277
24.86,7.003324
24.865,7.024435
24.87,6.98573
24.875,7.003324
24.88,7.027953
24.885,6.996288
24.89,7.031475
24.895,7.006841
24.9,6.99277
24.905,7.006841
24.91,7.038511
24.915,6.989248
24.92,6.989248
24.925,7.038511
24.93,6.989248
24.935,7.052586
24.94,7.006841
24.945,6.978695
24.95,7.034993
24.955,7.003324
24.96,7.020917
24.965,7.010364
24.97,7.013882
24.975,6.99277
24.98,7.017399
24.985,7.059622
24.99,6.996288
24.995,6.999806
25,6.98573
25.005,7.017399
25.01,7.017399
25.015,7.010364
25.02,7.017399
25.025,6.971659
25.03,7.031475
25.035,7.017399
25.04,7.013882
25.045,6.999806
25.05,7.006841
25.055,7.038511
25.06,6.99277
25.065,6.996288
25.07,6.989248
25.075,7.013882
25.08,7.027953
25.085,6.999806
25.09,7.027953
25.095,7.017399
25.1,7.034993
25.105,6.98573
25.11,7.003324
25.115,7.003324
25.12,7.006841
25.125,7.013882
25.13,6.996288
25.135,7.017399
25.14,7.017399
25.145,7.024435
25.15,7.013882
25.155,6.961101
25.16,7.027953
25.165,6.999806
25.17,7.024435
25.175,7.013882
25.18,7.003324
25.185,7.010364
25.19,7.013882
25.195,7.06314
25.2,6.982212
25.205,6.989248
25.21,7.034993
25.215,7.017399
25.22,7.049069
25.225,6.996288
25.23,7.003324
25.235,6.999806
25.24,7.031475
25.245,7.013882
25.25,7.006841
25.255,7.010364
25.26,6.971659
25.265,7.042028
25.27,7.006841
25.275,6.99277
25.28,7.024435
25.285,6.999806
25.29,7.020917
25.295,7.003324
25.3,7.003324
25.305,7.013882
25.31,7.031475
25.315,6.999806
25.32,7.013882
25.325,7.020917
25.33,7.017399
25.335,7.045546
25.34,6.971659
25.345,7.013882
25.35,7.027953
25.355,6.98573
25.36,7.049069
25.365,6.961101
25.37,7.010364
25.375,7.010364
25.38,7.010364
25.385,7.024435
25.39,7.006841
25.395,7.010364
25.4,7.003324
25.405,7.034993
25.41,6.975177
25.415,7.024435
25.42,7.020917
25.425,6.98573
25.43,7.052586
25.435,6.975177
25.44,6.999806
25.445,7.020917
25.45,7.027953
25.455,7.017399
25.46,7.003324
25.465,6.99277
25.47,7.024435
25.475,7.031475
25.48,6.971659
25.485,7.006841
25.49,7.031475
25.495,6.996288
25.5,7.049069
25.505,6.99277
25.51,6.978695
25.515,7.052586
25.52,7.006841
25.525,7.010364
25.53,7.003324
25.535,7.024435
25.54,6.996288
25.545,7.013882
25.55,7.042028
25.555,6.996288
25.56,7.013882
25.565,6.999806
25.57,7.049069
25.575,7.017399
25.58,6.978695
25.585,7.006841
25.59,7.013882
25.595,7.049069
25.6,6.98573
25.605,6.975177
25.61,7.006841
25.615,7.038511
25.62,7.052586
25.625,6.99277
25.63,6.999806
25.635,7.013882
25.64,7.049069
25.645,7.013882
25.65,6.978695
25.655,7.031475
25.66,7.027953
25.665,7.052586
25.67,6.996288
25.675,6.982212
25.68,7.020917
25.685,7.031475
25.69,7.020917
25.695,7.013882
25.7,7.013882
25.705,6.996288
25.71,7.006841
25.715,7.045546
25.72,6.975177
25.725,7.013882
25.73,7.010364
25.735,7.006841
25.74,7.031475
25.745,6.996288
25.75,7.013882
25.755,6.996288
25.76,7.013882
25.765,7.020917
25.77,7.010364
25.775,6.996288
25.78,6.98573
25.785,7.049069
25.79,6.99277
25.795,6.996288
25.8,7.034993
25.805,7.013882
25.81,7.006841
25.815,6.996288
25.82,7.006841
25.825,6.999806
25.83,7.034993
25.835,7.010364
25.84,6.98573
25.845,7.038511
25.85,6.99277
25.855,7.042028
25.86,7.042028
25.865,7.003324
25.87,6.996288
25.875,7.013882
25.88,7.045546
25.885,6.98573
25.89,6.975177
25.895,7.003324
25.9,7.034993
25.905,7.038511
25.91,6.982212
25.915,6.989248
25.92,6.989248
25.925,7.017399
25.93,7.042028
25.935,6.982212
25.94,7.006841
25.945,7.010364
25.95,7.038511
25.955,7.010364
25.96,6.989248
25.965,7.024435
25.97,7.010364
25.975,7.031475
25.98,7.006841
25.985,6.999806
25.99,7.003324
25.995,7.031475
26,7.017399
26.005,6.978695
26.01,7.017399
26.015,7.031475
26.02,6.989248
26.025,7.034993
26.03,7.020917
26.035,7.010364
26.04,6.996288
26.045,7.045546
26.05,7.020917
26.055,7.006841
26.06,7.003324
26.065,7.031475
26.07,7.056104
26.075,6.982212
26.08,7.027953
26.085,6.99277
26.09,7.013882
26.095,7.049069
26.1,6.968137
26.105,7.006841
26.11,7.017399
26.115,7.034993
26.12,7.024435
26.125,6.982212
26.13,7.006841
26.135,7.013882
26.14,7.017399
26.145,6.971659
26.15,7.031475
26.155,7.003324
26.16,6.999806
26.165,7.042028
26.17,6.968137
26.175,7.031475
26.18,7.017399
26.185,7.013882
26.19,7.042028
26.195,6.978695
26.2,7.013882
26.205,7.024435
26.21,7.010364
26.215,6.968137
26.22,7.010364
26.225,7.024435
26.23,6.98573
26.235,7.056104
26.24,6.975177
26.245,6.99277
26.25,7.010364
26.255,6.999806
26.26,7.038511
26.265,6.978695
26.27,7.031475
26.275,7.006841
26.28,7.006841
26.285,7.045546
26.29,7.006841
26.295,6.999806
26.3,7.017399
26.305,7.049069
26.31,7.006841
26.315,6.978695
26.32,7.003324
26.325,7.010364
26.33,7.049069
26.335,6.968137
26.34,6.989248
26.345,7.020917
26.35,6.975177
26.355,7.038511
26.36,7.003324
26.365,6.99277
26.37,7.003324
26.375,7.038511
26.38,7.010364
26.385,6.957584
26.39,7.034993
26.395,7.003324
26.4,7.003324
26.405,7.027953
26.41,6.999806
26.415,6.99277
26.42,6.996288
26.425,7.052586
26.43,6.978695
26.435,6.982212
26.44,7.027953
26.445,6.999806
26.45,7.006841
26.455,7.006841
26.46,6.982212
26.465,6.99277
26.47,7.034993
26.475,7.024435
26.48,6.982212
26.485,7.038511
26.49,6.996288
26.495,7.006841
26.5,7.031475
26.505,6.989248
26.51,7.017399
26.515,7.017399
26.52,7.045546
26.525,6.971659
26.53,7.017399
26.535,7.031475
26.54,7.006841
26.545,7.038511
26.55,6.968137
26.555,7.027953
26.56,7.017399
26.565,7.059622
26.57,7.006841
26.575,6.989248
26.58,7.024435
26.585,6.989248
26.59,7.038511
26.595,6.999806
26.6,7.003324
26.605,7.017399
26.61,7.017399
26.615,7.052586
26.62,6.964619
26.625,7.003324
26.63,6.999806
26.635,7.010364
26.64,7.049069
26.645,6.982212
26.65,7.024435
26.655,7.003324
26.66,7.031475
26.665,7.010364
26.67,6.999806
26.675,7.003324
26.68,6.99277
26.685,7.034993
26.69,6.989248
26.695,7.013882
26.7,7.006841
26.705,7.017399
26.71,7.034993
26.715,6.968137
26.72,7.010364
26.725,7.010364
26.73,6.989248
26.735,7.042028
26.74,6.99277
26.745,6.999806
26.75,7.038511
26.755,6.999806
26.76,7.013882
26.765,6.99277
26.77,6.999806
26.775,7.034993
26.78,7.020917
26.785,7.020917
26.79,6.99277
26.795,7.010364
26.8,6.999806
26.805,7.031475
26.81,7.010364
26.815,7.003324
26.82,6.99277
26.825,7.027953
26.83,7.034993
26.835,6.978695
26.84,7.010364
26.845,6.982212
26.85,7.024435
26.855,7.006841
26.86,6.999806
26.865,7.013882
26.87,7.020917
26.875,7.017399
26.88,7.017399
26.885,6.982212
26.89,7.003324
26.895,7.031475
26.9,7.017399
26.905,7.003324
26.91,6.982212
26.915,7.013882
26.92,7.017399
26.925,7.038511
26.93,6.961101
26.935,7.027953
26.94,7.034993
26.945,7.003324
26.95,7.049069
26.955,6.964619
26.96,7.006841
26.965,7.024435
26.97,7.020917
26.975,6.999806
26.98,7.017399
26.985,7.034993
26.99,6.996288
26.995,7.034993
27,7.010364
27.005,6.996288
27.01,7.013882
27.015,7.020917
27.02,7.038511
27.025,6.982212
27.03,6.999806
27.035,7.010364
27.04,6.996288
27.045,7.027953
27.05,6.982212
27.055,7.020917
27.06,7.017399
27.065,7.034993
27.07,7.017399
27.075,7.006841
27.08,7.010364
27.085,6.996288
27.09,7.052586
27.095,6.982212
27.1,6.982212
27.105,7.049069
27.11,6.999806
27.115,7.027953
27.12,6.982212
27.125,6.989248
27.13,7.017399
27.135,7.052586
27.14,7.017399
27.145,6.999806
27.15,7.017399
27.155,7.003324
27.16,7.038511
27.165,7.042028
27.17,6.978695
27.175,7.006841
27.18,7.020917
27.185,7.042028
27.19,7.010364
27.195,6.98573
27.2,7.013882
27.205,7.017399
27.21,7.066662
27.215,6.98573
27.22,7.006841
27.225,7.027953
27.23,7.024435
27.235,7.013882
27.24,6.996288
27.245,7.020917
27.25,7.024435
27.255,7.006841
27.26,7.027953
27.265,6.999806
27.27,7.020917
27.275,7.013882
27.28,7.024435
27.285,7.027953
27.29,6.975177
27.295,6.989248
27.3,7.024435
27.305,7.080733
27.31,6.989248
27.315,6.975177
27.32,7.031475
27.325,7.027953
27.33,7.020917
27.335,6.996288
27.34,6.999806
27.345,6.989248
27.35,7.017399
27.355,7.038511
27.36,6.99277
27.365,7.013882
27.37,6.996288
27.375,7.042028
27.38,7.003324
27.385,6.989248
27.39,6.999806
27.395,7.031475
27.4,7.031475
27.405,6.957584
27.41,7.020917
27.415,7.038511
27.42,6.996288
27.425,7.013882
27.43,6.996288
27.435,7.020917
27.44,7.006841
27.445,7.010364
27.45,7.006841
27.455,6.99277
27.46,7.010364
27.465,6.98573
27.47,7.052586
27.475,7.020917
27.48,6.971659
27.485,7.038511
27.49,6.98573
27.495,7.027953
27.5,7.013882
27.505,6.98573
27.51,6.999806
27.515,7.034993
27.52,7.024435
27.525,6.964619
27.53,7.017399
27.535,7.003324
27.54,7.006841
27.545,7.027953
27.55,6.975177
27.555,7.024435
27.56,6.99277
27.565,7.024435
27.57,7.038511
27.575,6.989248
27.58,7.006841
27.585,7.017399
27.59,7.045546
27.595,6.989248
27.6,7.003324
27.605,7.010364
27.61,7.010364
27.615,7.059622
27.62,6.964619
27.625,6.996288
27.63,7.045546
27.635,7.003324
27.64,7.038511
27.645,6.999806
27.65,6.982212
27.655,7.024435
27.66,7.013882
27.665,7.017399
27.67,7.013882
27.675,7.038511
27.68,6.99277
27.685,7.031475
27.69,6.999806
27.695,6.989248
27.7,7.031475
27.705,6.996288
27.71,7.045546
27.715,7.020917
27.72,6.971659
27.725,7.027953
27.73,6.996288
27.735,7.038511
27.74,7.017399
27.745,6.989248
27.75,7.038511
27.755,7.024435
27.76,7.013882
27.765,7.006841
27.77,7.006841
27.775,7.013882
27.78,7.042028
27.785,7.027953
27.79,6.975177
27.795,7.034993
27.8,6.999806
27.805,7.020917
27.81,7.006841
27.815,6.982212
27.82,7.049069
27.825,6.996288
27.83,7.056104
27.835,7.013882
27.84,6.982212
27.845,7.034993
27.85,6.99277
27.855,7.042028
27.86,6.98573
27.865,6.975177
27.87,7.010364
27.875,7.034993
27.88,7.020917
27.885,7.013882
27.89,6.99277
27.895,7.010364
27.9,7.066662
27.905,7.034993
27.91,6.968137
27.915,7.045546
27.92,6.996288
27.925,7.013882
27.93,7.010364
27.935,7.024435
27.94,7.006841
27.945,7.020917
27.95,7.049069
27.955,6.98573
27.96,6.989248
27.965,7.013882
27.97,7.003324
27.975,7.020917
27.98,7.013882
27.985,7.031475
27.99,6.996288
27.995,7.024435
28,7.034993
28.005,6.968137
28.01,7.013882
28.015,7.034993
28.02,7.010364
28.025,6.989248
28.03,7.013882
28.035,7.034993
28.04,7.006841
28.045,7.024435
28.05,7.017399
28.055,6.989248
28.06,7.013882
28.065,7.017399
28.07,7.045546
28.075,6.978695
28.08,7.010364
28.085,7.038511
28.09,7.010364
28.095,7.020917
28.1,6.98573
28.105,7.020917
28.11,6.989248
28.115,7.017399
28.12,7.020917
28.125,6.975177
28.13,6.982212
28.135,7.003324
28.14,7.034993
28.145,7.017399
28.15,6.996288
28.155,6.999806
28.16,6.996288
28.165,7.059622
28.17,7.013882
28.175,7.006841
28.18,7.003324
28.185,7.003324
28.19,7.034993
28.195,6.99277
28.2,7.013882
28.205,7.017399
28.21,6.996288
28.215,7.020917
28.22,6.978695
28.225,7.024435
28.23,7.031475
28.235,6.98573
28.24,7.017399
28.245,6.99277
28.25,6.999806
28.255,7.010364
28.26,7.034993
28.265,7.013882
28.27,6.996288
28.275,7.027953
28.28,6.996288
28.285,7.049069
28.29,7.034993
28.295,6.989248
28.3,7.024435
28.305,7.013882
28.31,7.045546
28.315,7.013882
28.32,6.99277
28.325,7.027953
28.33,7.027953
28.335,7.020917
28.34,6.975177
28.345,7.006841
28.35,7.034993
28.355,7.013882
28.36,7.017399
28.365,7.010364
28.37,7.020917
28.375,6.99277
28.38,7.042028
28.385,7.003324
28.39,6.975177
28.395,7.027953
28.4,6.996288
28.405,7.049069
28.41,6.98573
28.415,6.982212
28.42,7.013882
28.425,6.982212
28.43,7.07018
28.435,6.961101
28.44,6.99277
28.445,7.038511
28.45,7.024435
28.455,7.017399
28.46,7.006841
28.465,7.027953
28.47,7.006841
28.475,7.042028
28.48,7.042028
28.485,6.975177
28.49,7.038511
28.495,7.017399
28.5,7.017399
28.505,7.010364
28.51,7.013882
28.515,7.006841
28.52,7.006841
28.525,7.056104
28.53,6.978695
28.535,6.978695
28.54,7.038511
28.545,7.013882
28.55,7.020917
28.555,7.010364
28.56,6.996288
28.565,7.006841
28.57,7.045546
28.575,6.996288
28.58,6.989248
28.585,7.027953
28.59,6.989248
28.595,7.056104
28.6,6.98573
28.605,6.961101
28.61,7.024435
28.615,6.989248
28.62,7.045546
28.625,7.003324
28.63,6.98573
28.635,7.024435
28.64,7.006841
28.645,7.027953
28.65,6.999806
28.655,6.989248
28.66,7.017399
28.665,7.038511
28.67,7.006841
28.675,7.010364
28.68,7.042028
28.685,6.98573
28.69,7.013882
28.695,7.045546
28.7,6.99277
28.705,7.013882
28.71,7.038511
28.715,7.013882
28.72,6.996288
28.725,7.013882
28.73,7.003324
28.735,6.999806
28.74,7.066662
28.745,6.975177
28.75,6.982212
28.755,7.027953
28.76,7.010364
28.765,7.031475
28.77,7.013882
28.775,6.971659
28.78,7.010364
28.785,7.038511
28.79,7.020917
28.795,6.989248
28.8,7.042028
28.805,6.999806
28.81,7.020917
28.815,7.020917
28.82,6.996288
28.825,7.024435
28.83,7.042028
28.835,7.013882
28.84,7.010364
28.845,7.013882
28.85,7.013882
28.855,7.010364
28.86,7.059622
28.865,6.989248
28.87,7.003324
28.875,7.031475
28.88,7.034993
28.885,6.982212
28.89,6.999806
28.895,7.024435
28.9,6.975177
28.905,7.027953
28.91,7.013882
28.915,6.996288
28.92,7.020917
28.925,7.010364
28.93,7.045546
28.935,6.999806
28.94,7.024435
28.945,7.003324
28.95,6.996288
28.955,7.049069
28.96,7.003324
28.965,6.989248
28.97,7.013882
28.975,7.042028
28.98,7.038511
28.985,6.968137
28.99,7.034993
28.995,7.013882
29,7.027953
29.005,7.034993
29.01,6.989248
29.015,7.006841
29.02,7.017399
29.025,7.031475
29.03,6.999806
29.035,7.020917
29.04,6.999806
29.045,7.020917
29.05,7.045546
29.055,6.996288
29.06,6.999806
29.065,7.027953
29.07,7.013882
29.075,7.042028
29.08,6.982212
29.085,6.98573
29.09,7.042028
29.095,7.020917
29.1,7.034993
29.105,6.99277
29.11,7.027953
29.115,7.027953
29.12,7.031475
29.125,7.010364
29.13,7.013882
29.135,6.98573
29.14,7.013882
29.145,7.045546
29.15,6.975177
29.155,7.013882
29.16,7.006841
29.165,7.013882
29.17,7.027953
29.175,6.968137
29.18,7.024435
29.185,7.013882
29.19,7.027953
29.195,7.038511
29.2,6.978695
29.205,7.013882
29.21,7.017399
29.215,7.056104
29.22,7.013882
29.225,6.975177
29.23,7.010364
29.235,6.996288
29.24,7.038511
29.245,6.968137
29.25,7.027953
29.255,7.020917
29.26,6.999806
29.265,7.034993
29.27,6.947026
29.275,7.010364
29.28,6.99277
29.285,7.020917
29.29,7.031475
29.295,6.975177
29.3,7.027953
29.305,7.006841
29.31,7.056104
29.315,7.034993
29.32,7.003324
29.325,7.020917
29.33,6.999806
29.335,7.07018
29.34,6.989248
29.345,7.017399
29.35,7.010364
29.355,7.006841
29.36,7.045546
29.365,7.010364
29.37,7.013882
29.375,7.031475
29.38,6.996288
29.385,7.024435
29.39,7.017399
29.395,6.996288
29.4,7.024435
29.405,7.010364
29.41,7.034993
29.415,6.982212
29.42,7.013882
29.425,7.017399
29.43,7.027953
29.435,7.027953
29.44,6.947026
29.445,7.031475
29.45,7.031475
29.455,7.038511
29.46,7.003324
29.465,7.006841
29.47,7.010364
29.475,7.027953
29.48,7.038511
29.485,7.006841
29.49,6.99277
29.495,7.006841
29.5,7.013882
29.505,7.024435
29.51,6.996288
29.515,6.996288
29.52,7.06314
29.525,7.003324
29.53,7.024435
29.535,6.968137
29.54,7.031475
29.545,6.978695
29.55,7.042028
29.555,7.013882
29.56,6.971659
29.565,7.031475
29.57,6.996288
29.575,7.059622
29.58,7.010364
29.585,6.99277
29.59,7.003324
29.595,7.031475
29.6,7.020917
29.605,6.975177
29.61,7.020917
29.615,7.006841
29.62,7.038511
29.625,6.996288
29.63,6.98573
29.635,7.031475
29.64,7.006841
29.645,7.052586
29.65,7.017399
29.655,7.006841
29.66,7.034993
29.665,7.006841
29.67,7.049069
29.675,6.98573
29.68,7.024435
29.685,6.996288
29.69,7.024435
29.695,7.049069
29.7,6.964619
29.705,6.999806
29.71,7.010364
29.715,7.017399
29.72,7.013882
29.725,7.003324
29.73,7.013882
29.735,7.003324
29.74,7.059622
29.745,7.031475
29.75,6.978695
29.755,7.010364
29.76,7.027953
29.765,7.034993
29.77,6.98573
29.775,7.006841
29.78,6.996288
29.785,6.996288
29.79,7.045546
29.795,6.999806
29.8,6.999806
29.805,6.989248
29.81,7.034993
29.815,7.027953
29.82,6.98573
29.825,7.049069
29.83,6.999806
29.835,7.034993
29.84,7.017399
29.845,6.989248
29.85,7.013882
29.855,6.978695
29.86,7.045546
29.865,7.013882
29.87,6.978695
29.875,7.020917
29.88,7.042028
29.885,7.042028
29.89,7.003324
29.895,7.027953
29.9,7.010364
29.905,7.003324
29.91,7.024435
29.915,6.996288
29.92,7.020917
29.925,6.999806
29.93,7.052586
29.935,7.049069
29.94,6.978695
29.945,7.003324
29.95,7.003324
29.955,7.049069
29.96,6.989248
29.965,6.978695
29.97,7.034993
29.975,6.999806
29.98,7.003324
29.985,6.996288
29.99,6.98573
29.995,7.010364
30,7.013882
30.005,7.06314
30.01,6.982212
30.015,7.027953
30.02,7.031475
30.025,6.989248
30.03,7.045546
30.035,6.971659
30.04,7.031475
30.045,7.020917
30.05,6.999806
30.055,7.031475
30.06,6.989248
30.065,7.006841
30.07,7.017399
30.075,7.056104
30.08,7.010364
30.085,7.003324
30.09,7.017399
30.095,7.003324
30.1,7.031475
30.105,7.027953
30.11,6.971659
30.115,6.996288
30.12,7.010364
30.125,7.052586
30.13,6.98573
30.135,7.017399
30.14,7.027953
30.145,6.978695
30.15,7.038511
30.155,6.989248
30.16,6.99277
30.165,7.038511
30.17,7.017399
30.175,7.003324
30.18,6.975177
30.185,7.024435
30.19,6.996288
30.195,7.020917
30.2,7.038511
30.205,6.975177
30.21,7.038511
30.215,7.020917
30.22,7.024435
30.225,7.006841
30.23,7.006841
30.235,7.034993
30.24,6.978695
30.245,7.031475
30.25,7.024435
30.255,6.982212
30.26,7.017399
30.265,7.017399
30.27,7.049069
30.275,6.978695
30.28,6.982212
30.285,7.013882
30.29,7.031475
30.295,7.038511
30.3,6.957584
30.305,7.020917
30.31,7.034993
30.315,7.034993
30.32,7.027953
30.325,6.98573
30.33,7.038511
30.335,7.024435
30.34,7.013882
30.345,7.006841
30.35,7.006841
30.355,7.031475
30.36,6.982212
30.365,7.031475
30.37,7.020917
30.375,7.003324
30.38,7.013882
30.385,6.98573
30.39,7.049069
30.395,6.996288
30.4,6.999806
30.405,7.006841
30.41,7.038511
30.415,7.045546
30.42,6.968137
30.425,7.006841
30.43,6.999806
30.435,7.017399
30.44,7.031475
30.445,6.982212
30.45,7.013882
30.455,7.006841
30.46,7.020917
30.465,6.99277
30.47,6.99277
30.475,7.027953
30.48,7.003324
30.485,7.066662
30.49,6.996288
30.495,6.961101
30.5,7.045546
30.505,7.038511
30.51,7.024435
30.515,7.006841
30.52,7.013882
30.525,6.999806
30.53,7.020917
30.535,7.059622
30.54,6.982212
30.545,7.010364
30.55,7.013882
30.555,7.013882
30.56,7.06314
30.565,7.006841
30.57,6.982212
30.575,7.017399
30.58,7.059622
30.585,7.038511
30.59,6.957584
30.595,7.042028
30.6,7.010364
30.605,7.017399
30.61,7.017399
30.615,6.999806
30.62,7.013882
30.625,7.020917
30.63,7.06314
30.635,6.996288
30.64,6.996288
30.645,7.038511
30.65,7.010364
30.655,7.059622
30.66,6.968137
30.665,6.996288
30.67,7.024435
30.675,7.024435
30.68,7.020917
30.685,7.013882
30.69,6.996288
30.695,7.017399
30.7,7.049069
